Date,Open,High,Low,Close,Volume,Ticker
2020-01-02,3244.67,3258.14,3235.53,3257.85,3459930000,^GSPC
2020-01-03,3226.36,3246.15,3222.34,3234.85,3484700000,^GSPC
2020-01-06,3217.55,3246.84,3214.64,3246.28,3702460000,^GSPC
2020-01-07,3241.86,3244.91,3232.43,3237.18,3435910000,^GSPC
2020-01-08,3238.59,3267.07,3236.67,3253.05,3726840000,^GSPC
2020-01-09,3266.03,3275.58,3263.67,3274.70,3641230000,^GSPC
2020-01-10,3281.81,3282.99,3260.86,3265.35,3214580000,^GSPC
2020-01-13,3271.13,3288.13,3268.43,3288.13,3459390000,^GSPC
2020-01-14,3285.35,3294.25,3277.19,3283.15,3687620000,^GSPC
2020-01-15,3282.27,3298.66,3280.69,3289.29,3721490000,^GSPC
2020-01-16,3302.97,3317.11,3302.82,3316.81,3540580000,^GSPC
2020-01-17,3323.66,3329.88,3318.86,3329.62,3726220000,^GSPC
2020-01-21,3321.03,3329.79,3316.61,3320.79,4104840000,^GSPC
2020-01-22,3330.02,3337.77,3320.04,3321.75,3623780000,^GSPC
2020-01-23,3315.77,3326.88,3301.87,3325.54,3766710000,^GSPC
2020-01-24,3333.10,3333.18,3281.53,3295.47,3708780000,^GSPC
2020-01-27,3247.16,3258.85,3234.50,3243.63,3831050000,^GSPC
2020-01-28,3255.35,3285.78,3253.22,3276.24,3531570000,^GSPC
2020-01-29,3289.46,3293.47,3271.89,3273.40,3600250000,^GSPC
2020-01-30,3256.45,3285.91,3242.80,3283.66,3790350000,^GSPC
2020-01-31,3282.33,3282.33,3214.68,3225.52,4529700000,^GSPC
2020-02-03,3235.66,3268.44,3235.66,3248.92,3760460000,^GSPC
2020-02-04,3280.61,3306.92,3280.61,3297.59,3996900000,^GSPC
2020-02-05,3324.91,3337.58,3313.75,3334.69,4121480000,^GSPC
2020-02-06,3344.92,3347.96,3334.39,3345.78,3887250000,^GSPC
2020-02-07,3335.54,3341.42,3322.12,3327.71,3733920000,^GSPC
2020-02-10,3318.28,3352.26,3317.77,3352.09,3462730000,^GSPC
2020-02-11,3365.87,3375.63,3352.72,3357.75,3762940000,^GSPC
2020-02-12,3370.50,3381.47,3369.72,3379.45,3930910000,^GSPC
2020-02-13,3365.90,3385.09,3360.52,3373.94,3500890000,^GSPC
2020-02-14,3378.08,3380.69,3366.15,3380.16,3419700000,^GSPC
2020-02-18,3369.04,3375.01,3355.61,3370.29,3750400000,^GSPC
2020-02-19,3380.39,3393.52,3378.83,3386.15,3614200000,^GSPC
2020-02-20,3380.45,3389.15,3341.02,3373.23,4019180000,^GSPC
2020-02-21,3360.50,3360.76,3328.45,3337.75,3908780000,^GSPC
2020-02-24,3257.61,3259.81,3214.65,3225.89,4851160000,^GSPC
2020-02-25,3238.94,3246.99,3118.77,3128.21,5596760000,^GSPC
2020-02-26,3139.90,3182.51,3108.99,3116.39,5484650000,^GSPC
2020-02-27,3062.54,3097.07,2977.39,2978.76,7064710000,^GSPC
2020-02-28,2916.90,2959.72,2855.84,2954.22,8569570000,^GSPC
2020-03-02,2974.28,3090.96,2945.19,3090.23,6381330000,^GSPC
2020-03-03,3096.46,3136.72,2976.63,3003.37,6376510000,^GSPC
2020-03-04,3045.75,3130.97,3034.38,3130.12,5073020000,^GSPC
2020-03-05,3075.70,3083.04,2999.83,3023.94,5579290000,^GSPC
2020-03-06,2954.20,2985.93,2901.54,2972.37,6555240000,^GSPC
2020-03-09,2863.89,2863.89,2734.43,2746.56,8441290000,^GSPC
2020-03-10,2813.48,2882.59,2734.00,2882.23,7642040000,^GSPC
2020-03-11,2825.60,2825.60,2707.22,2741.38,7431200000,^GSPC
2020-03-12,2630.86,2660.95,2478.86,2480.64,8850810000,^GSPC
2020-03-13,2569.99,2711.33,2492.37,2711.02,8299070000,^GSPC
2020-03-16,2508.59,2562.98,2380.94,2386.13,7805450000,^GSPC
2020-03-17,2425.66,2553.93,2367.04,2529.19,8370250000,^GSPC
2020-03-18,2436.50,2453.57,2280.52,2398.10,8799300000,^GSPC
2020-03-19,2393.48,2466.97,2319.78,2409.39,7956100000,^GSPC
2020-03-20,2431.94,2453.01,2295.56,2304.92,9053950000,^GSPC
2020-03-23,2290.71,2300.73,2191.86,2237.40,7411380000,^GSPC
2020-03-24,2344.44,2449.71,2344.44,2447.33,7563150000,^GSPC
2020-03-25,2457.77,2571.42,2407.53,2475.56,8300010000,^GSPC
2020-03-26,2501.29,2637.01,2500.72,2630.07,7766990000,^GSPC
2020-03-27,2555.87,2615.91,2520.02,2541.47,6201670000,^GSPC
2020-03-30,2558.98,2631.80,2545.28,2626.65,5751120000,^GSPC
2020-03-31,2614.69,2641.39,2571.15,2584.59,6576210000,^GSPC
2020-04-01,2498.08,2522.75,2447.49,2470.50,5964000000,^GSPC
2020-04-02,2458.54,2533.22,2455.79,2526.90,6464190000,^GSPC
2020-04-03,2514.92,2538.18,2459.96,2488.65,6096970000,^GSPC
2020-04-06,2578.28,2676.85,2574.57,2663.68,6403840000,^GSPC
2020-04-07,2738.65,2756.89,2657.67,2659.41,7050410000,^GSPC
2020-04-08,2685.00,2760.75,2663.30,2749.98,5875710000,^GSPC
2020-04-09,2776.99,2818.57,2762.36,2789.82,7899550000,^GSPC
2020-04-13,2782.46,2782.46,2721.17,2761.63,5319530000,^GSPC
2020-04-14,2805.10,2851.85,2805.10,2846.06,5615730000,^GSPC
2020-04-15,2795.64,2801.88,2761.54,2783.36,5208000000,^GSPC
2020-04-16,2799.34,2806.51,2764.32,2799.55,5228810000,^GSPC
2020-04-17,2842.43,2879.22,2830.88,2874.56,5804810000,^GSPC
2020-04-20,2845.62,2868.98,2820.43,2823.16,5228630000,^GSPC
2020-04-21,2784.81,2785.54,2727.10,2736.56,5121010000,^GSPC
2020-04-22,2787.89,2815.10,2775.95,2799.31,5084920000,^GSPC
2020-04-23,2810.42,2844.90,2794.26,2797.80,5773530000,^GSPC
2020-04-24,2812.64,2842.71,2791.76,2836.74,5382810000,^GSPC
2020-04-27,2854.65,2887.72,2852.89,2878.48,5203930000,^GSPC
2020-04-28,2909.96,2921.15,2860.71,2863.39,5691160000,^GSPC
2020-04-29,2918.46,2954.86,2912.16,2939.51,6645640000,^GSPC
2020-04-30,2930.91,2930.91,2892.47,2912.43,6544980000,^GSPC
2020-05-01,2869.09,2869.09,2821.61,2830.71,4759810000,^GSPC
2020-05-04,2815.01,2844.24,2797.85,2842.74,4735930000,^GSPC
2020-05-05,2868.88,2898.23,2863.55,2868.44,5140290000,^GSPC
2020-05-06,2883.14,2891.11,2847.65,2848.42,4892570000,^GSPC
2020-05-07,2878.26,2901.92,2876.48,2881.19,5178790000,^GSPC
2020-05-08,2908.83,2932.16,2902.88,2929.80,4876030000,^GSPC
2020-05-11,2915.46,2944.25,2903.44,2930.19,4819730000,^GSPC
2020-05-12,2939.50,2945.82,2869.59,2870.12,5119630000,^GSPC
2020-05-13,2865.86,2874.14,2793.15,2820.00,6151650000,^GSPC
2020-05-14,2794.54,2852.80,2766.64,2852.50,5651130000,^GSPC
2020-05-15,2829.95,2865.01,2816.78,2863.70,5507700000,^GSPC
2020-05-18,2913.86,2968.09,2913.86,2953.91,6373670000,^GSPC
2020-05-19,2948.59,2964.21,2922.35,2922.94,4984330000,^GSPC
2020-05-20,2953.63,2980.29,2953.63,2971.61,5005380000,^GSPC
2020-05-21,2969.95,2978.50,2938.57,2948.51,4976620000,^GSPC
2020-05-22,2948.05,2956.76,2933.59,2955.45,3970860000,^GSPC
2020-05-26,3004.08,3021.72,2988.17,2991.77,5848500000,^GSPC
2020-05-27,3015.65,3036.25,2969.75,3036.13,6398000000,^GSPC
2020-05-28,3046.61,3068.67,3023.40,3029.73,5447020000,^GSPC
2020-05-29,3025.17,3049.17,2998.61,3044.31,7297550000,^GSPC
2020-06-01,3038.78,3062.18,3031.54,3055.73,4684170000,^GSPC
2020-06-02,3064.78,3081.07,3051.64,3080.82,5197150000,^GSPC
2020-06-03,3098.90,3130.94,3098.90,3122.87,6005560000,^GSPC
2020-06-04,3111.56,3128.91,3090.41,3112.35,6451290000,^GSPC
2020-06-05,3163.84,3211.72,3163.84,3193.93,8639300000,^GSPC
2020-06-08,3199.92,3233.13,3196.00,3232.39,8498300000,^GSPC
2020-06-09,3213.32,3222.71,3193.11,3207.18,6410930000,^GSPC
2020-06-10,3213.42,3223.27,3181.49,3190.14,6598870000,^GSPC
2020-06-11,3123.53,3123.53,2999.49,3002.10,7037320000,^GSPC
2020-06-12,3071.04,3088.42,2984.47,3041.31,5845330000,^GSPC
2020-06-15,2993.76,3079.76,2965.66,3066.59,5757480000,^GSPC
2020-06-16,3131.00,3153.45,3076.06,3124.74,5845810000,^GSPC
2020-06-17,3136.13,3141.16,3108.03,3113.49,4560450000,^GSPC
2020-06-18,3101.64,3120.00,3093.51,3115.34,4448690000,^GSPC
2020-06-19,3140.29,3155.53,3083.11,3097.74,8346650000,^GSPC
2020-06-22,3094.42,3120.92,3079.39,3117.86,4686690000,^GSPC
2020-06-23,3138.70,3154.90,3127.12,3131.29,4711850000,^GSPC
2020-06-24,3114.40,3115.01,3032.13,3050.33,5597680000,^GSPC
2020-06-25,3046.60,3086.25,3024.01,3083.76,4847690000,^GSPC
2020-06-26,3073.20,3073.73,3004.63,3009.05,8107850000,^GSPC
2020-06-29,3018.59,3053.89,2999.74,3053.24,4473970000,^GSPC
2020-06-30,3050.20,3111.51,3047.83,3100.29,4705850000,^GSPC
2020-07-01,3105.92,3128.44,3101.17,3115.86,4449230000,^GSPC
2020-07-02,3143.64,3165.81,3124.52,3130.01,4197720000,^GSPC
2020-07-06,3155.29,3182.59,3155.29,3179.72,4759160000,^GSPC
2020-07-07,3166.44,3184.15,3142.93,3145.32,4571330000,^GSPC
2020-07-08,3153.07,3171.80,3136.53,3169.94,4937310000,^GSPC
2020-07-09,3176.17,3179.78,3115.70,3152.05,4843650000,^GSPC
2020-07-10,3152.47,3186.82,3136.22,3185.04,4524190000,^GSPC
2020-07-13,3205.08,3235.32,3149.43,3155.22,4902440000,^GSPC
2020-07-14,3141.11,3200.95,3127.66,3197.52,4507140000,^GSPC
2020-07-15,3225.98,3238.28,3200.76,3226.56,4686830000,^GSPC
2020-07-16,3208.36,3220.39,3198.59,3215.57,3972860000,^GSPC
2020-07-17,3224.21,3233.52,3205.65,3224.73,4012850000,^GSPC
2020-07-20,3224.29,3258.61,3215.16,3251.84,3979340000,^GSPC
2020-07-21,3268.52,3277.29,3247.77,3257.30,4556610000,^GSPC
2020-07-22,3254.86,3279.32,3253.10,3276.02,4267160000,^GSPC
2020-07-23,3271.64,3279.99,3222.66,3235.66,4296760000,^GSPC
2020-07-24,3218.58,3227.26,3200.05,3215.63,3689410000,^GSPC
2020-07-27,3219.84,3241.43,3214.25,3239.41,3970310000,^GSPC
2020-07-28,3234.27,3243.72,3216.17,3218.44,4053180000,^GSPC
2020-07-29,3227.22,3264.74,3227.22,3258.44,4478200000,^GSPC
2020-07-30,3231.76,3250.92,3204.13,3246.22,4264920000,^GSPC
2020-07-31,3270.45,3272.17,3220.26,3271.12,5007530000,^GSPC
2020-08-03,3288.26,3302.73,3284.53,3294.61,4438940000,^GSPC
2020-08-04,3289.92,3306.84,3286.37,3306.51,4414380000,^GSPC
2020-08-05,3317.37,3330.77,3317.37,3327.77,4535060000,^GSPC
2020-08-06,3323.17,3351.03,3318.14,3349.16,4278930000,^GSPC
2020-08-07,3340.05,3352.54,3328.72,3351.28,4110030000,^GSPC
2020-08-10,3356.04,3363.29,3335.44,3360.47,4327920000,^GSPC
2020-08-11,3370.34,3381.01,3326.44,3333.69,4880540000,^GSPC
2020-08-12,3355.46,3387.89,3355.46,3380.35,3772250000,^GSPC
2020-08-13,3372.95,3387.24,3363.35,3373.43,3438730000,^GSPC
2020-08-14,3368.66,3378.51,3361.64,3372.85,3200060000,^GSPC
2020-08-17,3380.86,3387.59,3379.22,3381.99,3460330000,^GSPC
2020-08-18,3387.04,3395.06,3370.15,3389.78,3669550000,^GSPC
2020-08-19,3392.51,3399.54,3369.66,3374.85,3679480000,^GSPC
2020-08-20,3360.48,3390.80,3354.69,3385.51,3431040000,^GSPC
2020-08-21,3386.01,3399.96,3379.31,3397.16,3505010000,^GSPC
2020-08-24,3418.09,3432.09,3413.13,3431.28,3743410000,^GSPC
2020-08-25,3435.95,3444.21,3425.84,3443.62,3627650000,^GSPC
2020-08-26,3449.97,3481.07,3444.15,3478.73,3780530000,^GSPC
2020-08-27,3485.14,3501.38,3468.35,3484.55,3955890000,^GSPC
2020-08-28,3494.69,3509.23,3484.32,3508.01,3868510000,^GSPC
2020-08-31,3509.73,3514.77,3493.25,3500.31,4348280000,^GSPC
2020-09-01,3507.44,3528.03,3494.60,3526.65,4101490000,^GSPC
2020-09-02,3543.76,3588.11,3535.23,3580.84,4295640000,^GSPC
2020-09-03,3564.74,3564.85,3427.41,3455.06,4911830000,^GSPC
2020-09-04,3453.60,3479.15,3349.63,3426.96,4438720000,^GSPC
2020-09-08,3371.88,3379.97,3329.27,3331.84,4694330000,^GSPC
2020-09-09,3369.82,3424.77,3366.84,3398.96,3932520000,^GSPC
2020-09-10,3412.56,3425.55,3329.25,3339.19,4208630000,^GSPC
2020-09-11,3352.70,3368.95,3310.47,3340.97,3710090000,^GSPC
2020-09-14,3363.56,3402.93,3363.56,3383.54,3839580000,^GSPC
2020-09-15,3407.73,3419.48,3389.25,3401.20,4057190000,^GSPC
2020-09-16,3411.23,3428.92,3384.45,3385.49,4718900000,^GSPC
2020-09-17,3346.86,3375.17,3328.82,3357.01,4379840000,^GSPC
2020-09-18,3357.38,3362.27,3292.40,3319.47,7076400000,^GSPC
2020-09-21,3285.57,3285.57,3229.10,3281.06,4836070000,^GSPC
2020-09-22,3295.75,3320.31,3270.95,3315.57,3974510000,^GSPC
2020-09-23,3320.11,3323.35,3232.57,3236.92,4378650000,^GSPC
2020-09-24,3226.14,3278.70,3209.45,3246.59,4601920000,^GSPC
2020-09-25,3236.66,3306.88,3228.44,3298.46,3803330000,^GSPC
2020-09-28,3333.90,3360.74,3332.91,3351.60,3950910000,^GSPC
2020-09-29,3350.92,3357.92,3327.54,3335.47,3661590000,^GSPC
2020-09-30,3341.21,3393.56,3340.47,3363.00,4738640000,^GSPC
2020-10-01,3385.87,3397.18,3361.39,3380.80,4076340000,^GSPC
2020-10-02,3338.94,3369.10,3323.69,3348.42,3975180000,^GSPC
2020-10-05,3367.27,3409.57,3367.27,3408.60,3692720000,^GSPC
2020-10-06,3408.74,3431.56,3354.54,3360.97,4453390000,^GSPC
2020-10-07,3384.56,3426.26,3384.56,3419.44,3814750000,^GSPC
2020-10-08,3434.28,3447.28,3428.15,3446.83,3867640000,^GSPC
2020-10-09,3459.67,3482.34,3458.07,3477.14,3944090000,^GSPC
2020-10-12,3500.02,3549.85,3499.61,3534.22,3435760000,^GSPC
2020-10-13,3534.01,3534.01,3500.86,3511.93,3611100000,^GSPC
2020-10-14,3515.47,3527.94,3480.55,3488.67,3858510000,^GSPC
2020-10-15,3453.72,3489.08,3440.89,3483.34,3724550000,^GSPC
2020-10-16,3493.50,3515.76,3480.45,3483.81,4688030000,^GSPC
2020-10-19,3493.66,3502.42,3419.93,3426.92,4091080000,^GSPC
2020-10-20,3439.38,3476.93,3435.65,3443.12,3917850000,^GSPC
2020-10-21,3439.91,3464.86,3433.06,3435.56,4103960000,^GSPC
2020-10-22,3438.50,3460.53,3415.34,3453.49,4172060000,^GSPC
2020-10-23,3464.90,3466.46,3440.45,3465.39,3651600000,^GSPC
2020-10-26,3441.42,3441.42,3364.86,3400.97,4002210000,^GSPC
2020-10-27,3403.15,3409.51,3388.71,3390.68,3962400000,^GSPC
2020-10-28,3342.48,3342.48,3268.89,3271.03,5139970000,^GSPC
2020-10-29,3277.17,3341.05,3259.82,3310.11,4911860000,^GSPC
2020-10-30,3293.59,3304.93,3233.94,3269.96,4843930000,^GSPC
2020-11-02,3296.20,3330.14,3279.74,3310.24,4314690000,^GSPC
2020-11-03,3336.25,3389.49,3336.25,3369.16,4241380000,^GSPC
2020-11-04,3406.46,3486.25,3405.17,3443.44,4790400000,^GSPC
2020-11-05,3485.74,3529.05,3485.74,3510.45,4858150000,^GSPC
2020-11-06,3508.34,3521.58,3484.34,3509.44,4842460000,^GSPC
2020-11-09,3583.04,3645.99,3547.48,3550.50,8570510000,^GSPC
2020-11-10,3543.26,3557.22,3511.91,3545.53,6037470000,^GSPC
2020-11-11,3563.22,3581.16,3557.00,3572.66,4635560000,^GSPC
2020-11-12,3562.67,3569.02,3518.58,3537.01,4909660000,^GSPC
2020-11-13,3552.57,3593.66,3552.57,3585.15,4719580000,^GSPC
2020-11-16,3600.16,3628.51,3600.16,3626.91,5295510000,^GSPC
2020-11-17,3610.31,3623.11,3588.68,3609.53,4812180000,^GSPC
2020-11-18,3612.09,3619.09,3567.33,3567.79,5284810000,^GSPC
2020-11-19,3559.41,3585.22,3543.84,3581.87,4363370000,^GSPC
2020-11-20,3579.31,3581.23,3556.85,3557.54,4236370000,^GSPC
2020-11-23,3566.82,3589.81,3552.77,3577.59,5057550000,^GSPC
2020-11-24,3594.52,3642.31,3594.52,3635.41,6280290000,^GSPC
2020-11-25,3635.50,3635.50,3617.76,3629.65,4910440000,^GSPC
2020-11-27,3638.55,3644.31,3629.33,3638.35,2778390000,^GSPC
2020-11-30,3634.18,3634.18,3594.39,3621.63,6308410000,^GSPC
2020-12-01,3645.87,3678.45,3645.87,3662.45,5418480000,^GSPC
2020-12-02,3653.78,3670.96,3644.84,3669.01,5041250000,^GSPC
2020-12-03,3668.28,3682.73,3657.17,3666.72,5065340000,^GSPC
2020-12-04,3670.94,3699.20,3670.94,3699.12,5099620000,^GSPC
2020-12-07,3694.73,3697.41,3678.88,3691.96,4804500000,^GSPC
2020-12-08,3683.05,3708.45,3678.83,3702.25,4584390000,^GSPC
2020-12-09,3705.98,3712.39,3660.54,3672.82,5232800000,^GSPC
2020-12-10,3659.13,3678.49,3645.18,3668.10,4658480000,^GSPC
2020-12-11,3656.08,3665.91,3633.40,3663.46,4375470000,^GSPC
2020-12-14,3675.27,3697.61,3645.84,3647.49,4623850000,^GSPC
2020-12-15,3666.41,3695.29,3659.62,3694.62,4387080000,^GSPC
2020-12-16,3696.25,3711.27,3688.57,3701.17,4067040000,^GSPC
2020-12-17,3713.65,3725.12,3710.87,3722.48,4192810000,^GSPC
2020-12-18,3722.39,3726.70,3685.84,3709.41,7097100000,^GSPC
2020-12-21,3684.28,3702.90,3636.48,3694.92,4748580000,^GSPC
2020-12-22,3698.08,3698.26,3676.16,3687.26,4053310000,^GSPC
2020-12-23,3693.42,3711.24,3689.28,3690.01,3779160000,^GSPC
2020-12-24,3694.03,3703.82,3689.32,3703.06,1883780000,^GSPC
2020-12-28,3723.03,3740.51,3723.03,3735.36,3535460000,^GSPC
2020-12-29,3750.01,3756.12,3723.31,3727.04,3393290000,^GSPC
2020-12-30,3736.19,3744.63,3730.21,3732.04,3154850000,^GSPC
2020-12-31,3733.27,3760.20,3726.88,3756.07,3179040000,^GSPC
2021-01-04,3764.61,3769.99,3662.71,3700.65,5015000000,^GSPC
2021-01-05,3698.02,3737.83,3695.07,3726.86,4591020000,^GSPC
2021-01-06,3712.20,3783.04,3705.34,3748.14,6064110000,^GSPC
2021-01-07,3764.71,3811.55,3764.71,3803.79,5099160000,^GSPC
2021-01-08,3815.05,3826.69,3783.60,3824.68,4773040000,^GSPC
2021-01-11,3803.14,3817.86,3789.02,3799.61,4465430000,^GSPC
2021-01-12,3801.62,3810.78,3776.51,3801.19,4994950000,^GSPC
2021-01-13,3802.23,3820.96,3791.50,3809.84,4602510000,^GSPC
2021-01-14,3814.98,3823.60,3792.86,3795.54,5198480000,^GSPC
2021-01-15,3788.73,3788.73,3749.62,3768.25,5369820000,^GSPC
2021-01-19,3781.88,3804.53,3780.37,3798.91,5014440000,^GSPC
2021-01-20,3816.22,3859.75,3816.22,3851.85,4566190000,^GSPC
2021-01-21,3857.46,3861.45,3845.05,3853.07,4501760000,^GSPC
2021-01-22,3844.24,3852.31,3830.41,3841.47,5110890000,^GSPC
2021-01-25,3851.68,3859.23,3797.16,3855.36,7000840000,^GSPC
2021-01-26,3862.96,3870.90,3847.78,3849.62,6137500000,^GSPC
2021-01-27,3836.83,3836.83,3732.48,3750.77,9976520000,^GSPC
2021-01-28,3755.75,3830.50,3755.75,3787.38,6992770000,^GSPC
2021-01-29,3778.05,3778.05,3694.12,3714.24,6643370000,^GSPC
2021-02-01,3731.17,3784.32,3725.62,3773.86,5436230000,^GSPC
2021-02-02,3791.84,3843.09,3791.84,3826.31,5514090000,^GSPC
2021-02-03,3840.27,3847.51,3816.68,3830.17,4864870000,^GSPC
2021-02-04,3836.66,3872.42,3836.66,3871.74,4879240000,^GSPC
2021-02-05,3878.30,3894.56,3874.93,3886.83,4879470000,^GSPC
2021-02-08,3892.59,3915.77,3892.59,3915.59,4648360000,^GSPC
2021-02-09,3910.49,3918.35,3902.64,3911.23,4568320000,^GSPC
2021-02-10,3920.78,3931.50,3884.94,3909.88,4837070000,^GSPC
2021-02-11,3916.40,3925.99,3890.39,3916.38,4590960000,^GSPC
2021-02-12,3911.65,3937.23,3905.78,3934.83,4135060000,^GSPC
2021-02-16,3939.61,3950.43,3923.85,3932.59,5058990000,^GSPC
2021-02-17,3918.50,3933.61,3900.43,3931.33,4730650000,^GSPC
2021-02-18,3915.86,3921.98,3885.03,3913.97,4793650000,^GSPC
2021-02-19,3921.16,3930.41,3903.07,3906.71,4845320000,^GSPC
2021-02-22,3885.55,3902.92,3874.71,3876.50,5917100000,^GSPC
2021-02-23,3857.07,3895.98,3805.59,3881.37,6296610000,^GSPC
2021-02-24,3873.71,3928.65,3859.60,3925.43,6012790000,^GSPC
2021-02-25,3915.80,3925.02,3814.04,3829.34,6547470000,^GSPC
2021-02-26,3839.66,3861.08,3789.54,3811.15,6526070000,^GSPC
2021-03-01,3842.51,3914.50,3842.51,3901.82,5114820000,^GSPC
2021-03-02,3903.64,3906.41,3868.57,3870.29,5536010000,^GSPC
2021-03-03,3863.99,3874.47,3818.86,3819.72,6173660000,^GSPC
2021-03-04,3818.53,3843.67,3723.34,3768.47,7195400000,^GSPC
2021-03-05,3793.58,3851.69,3730.19,3841.94,6851070000,^GSPC
2021-03-08,3844.39,3881.06,3819.25,3821.35,5871710000,^GSPC
2021-03-09,3851.93,3903.76,3851.93,3875.44,5513560000,^GSPC
2021-03-10,3891.99,3917.35,3885.73,3898.81,5847380000,^GSPC
2021-03-11,3915.54,3960.27,3915.54,3939.34,5312880000,^GSPC
2021-03-12,3924.52,3944.99,3915.21,3943.34,4476280000,^GSPC
2021-03-15,3942.96,3970.08,3923.54,3968.94,4900100000,^GSPC
2021-03-16,3973.59,3981.04,3953.44,3962.71,4613080000,^GSPC
2021-03-17,3949.57,3983.87,3935.74,3974.12,4561660000,^GSPC
2021-03-18,3953.50,3969.62,3910.86,3915.46,5118590000,^GSPC
2021-03-19,3913.14,3930.12,3886.75,3913.10,7757420000,^GSPC
2021-03-22,3916.48,3955.31,3914.16,3940.59,4316260000,^GSPC
2021-03-23,3937.60,3949.13,3901.57,3910.52,4669010000,^GSPC
2021-03-24,3919.93,3942.08,3889.07,3889.14,4783020000,^GSPC
2021-03-25,3879.34,3919.54,3853.50,3909.52,4948340000,^GSPC
2021-03-26,3917.12,3978.19,3917.12,3974.54,5483160000,^GSPC
2021-03-29,3969.31,3981.83,3943.25,3971.09,4628180000,^GSPC
2021-03-30,3963.34,3968.01,3944.35,3958.55,4121510000,^GSPC
2021-03-31,3967.25,3994.41,3966.98,3972.89,4578050000,^GSPC
2021-04-01,3992.78,4020.63,3992.78,4019.87,4162130000,^GSPC
2021-04-05,4034.44,4083.42,4034.44,4077.91,4005030000,^GSPC
2021-04-06,4075.57,4086.23,4068.14,4073.94,4081270000,^GSPC
2021-04-07,4074.29,4083.13,4068.31,4079.95,4120810000,^GSPC
2021-04-08,4089.95,4098.19,4082.54,4097.17,3907100000,^GSPC
2021-04-09,4096.11,4129.48,4095.51,4128.80,3640390000,^GSPC
2021-04-12,4124.71,4131.76,4114.82,4127.99,3588900000,^GSPC
2021-04-13,4130.10,4148.00,4124.43,4141.59,3734720000,^GSPC
2021-04-14,4141.58,4151.69,4120.87,4124.66,3985350000,^GSPC
2021-04-15,4139.76,4173.49,4139.76,4170.42,4033420000,^GSPC
2021-04-16,4174.14,4191.31,4170.75,4185.47,4163820000,^GSPC
2021-04-19,4179.80,4180.81,4150.47,4163.26,3810290000,^GSPC
2021-04-20,4159.18,4159.18,4118.38,4134.94,4342650000,^GSPC
2021-04-21,4128.42,4175.02,4126.35,4173.42,3887250000,^GSPC
2021-04-22,4170.46,4179.57,4123.69,4134.98,4245140000,^GSPC
2021-04-23,4138.78,4194.17,4138.78,4180.17,3569880000,^GSPC
2021-04-26,4185.03,4194.19,4182.36,4187.62,3748320000,^GSPC
2021-04-27,4188.25,4193.35,4176.22,4186.72,3710700000,^GSPC
2021-04-28,4185.14,4201.53,4181.78,4183.18,3787360000,^GSPC
2021-04-29,4206.14,4218.78,4176.81,4211.47,4298680000,^GSPC
2021-04-30,4198.10,4198.10,4174.85,4181.17,4300880000,^GSPC
2021-05-03,4191.98,4209.39,4188.03,4192.66,4070220000,^GSPC
2021-05-04,4179.04,4179.04,4128.59,4164.66,4452460000,^GSPC
2021-05-05,4177.06,4187.72,4160.94,4167.59,4230920000,^GSPC
2021-05-06,4169.14,4202.70,4147.33,4201.62,4511000000,^GSPC
2021-05-07,4210.34,4238.04,4201.64,4232.60,4016080000,^GSPC
2021-05-10,4228.29,4236.39,4188.13,4188.43,4560700000,^GSPC
2021-05-11,4150.34,4162.04,4111.53,4152.10,4870710000,^GSPC
2021-05-12,4130.55,4134.73,4056.88,4063.04,4733070000,^GSPC
2021-05-13,4074.99,4131.58,4074.99,4112.50,4779540000,^GSPC
2021-05-14,4129.58,4183.13,4129.58,4173.85,4008880000,^GSPC
2021-05-17,4169.92,4171.92,4142.69,4163.29,4125050000,^GSPC
2021-05-18,4165.94,4169.15,4125.99,4127.83,4398150000,^GSPC
2021-05-19,4098.45,4116.93,4061.41,4115.68,4247450000,^GSPC
2021-05-20,4121.97,4172.80,4121.97,4159.12,3978880000,^GSPC
2021-05-21,4168.61,4188.72,4151.72,4155.86,3995250000,^GSPC
2021-05-24,4170.16,4209.52,4170.16,4197.05,3684800000,^GSPC
2021-05-25,4205.94,4213.42,4182.52,4188.13,4182250000,^GSPC
2021-05-26,4191.59,4202.61,4184.11,4195.99,4420890000,^GSPC
2021-05-27,4201.94,4213.38,4197.78,4200.88,6406310000,^GSPC
2021-05-28,4210.77,4218.36,4203.57,4204.11,4649250000,^GSPC
2021-06-01,4216.52,4234.12,4197.59,4202.04,5074670000,^GSPC
2021-06-02,4206.82,4217.37,4198.27,4208.12,5833670000,^GSPC
2021-06-03,4191.43,4204.39,4167.93,4192.85,5587970000,^GSPC
2021-06-04,4206.05,4233.45,4206.05,4229.89,4139790000,^GSPC
2021-06-07,4229.34,4232.34,4215.66,4226.52,4476920000,^GSPC
2021-06-08,4233.81,4236.74,4208.41,4227.26,4659620000,^GSPC
2021-06-09,4232.99,4237.09,4218.74,4219.55,4713260000,^GSPC
2021-06-10,4228.56,4249.74,4220.34,4239.18,4408210000,^GSPC
2021-06-11,4242.90,4248.38,4232.25,4247.44,3815010000,^GSPC
2021-06-14,4248.31,4255.59,4234.07,4255.15,4151200000,^GSPC
2021-06-15,4255.28,4257.16,4238.35,4246.59,4048940000,^GSPC
2021-06-16,4248.87,4251.89,4202.45,4223.70,4538350000,^GSPC
2021-06-17,4220.37,4232.29,4196.05,4221.86,5312680000,^GSPC
2021-06-18,4204.78,4204.78,4164.40,4166.45,6817010000,^GSPC
2021-06-21,4173.40,4226.24,4173.40,4224.79,4128950000,^GSPC
2021-06-22,4224.61,4255.84,4217.27,4246.44,3828390000,^GSPC
2021-06-23,4249.27,4256.60,4241.43,4241.84,3730350000,^GSPC
2021-06-24,4256.97,4271.28,4256.97,4266.49,3816660000,^GSPC
2021-06-25,4274.45,4286.12,4271.16,4280.70,7341450000,^GSPC
2021-06-28,4284.90,4292.14,4274.67,4290.61,4147890000,^GSPC
2021-06-29,4293.21,4300.52,4287.04,4291.80,3707150000,^GSPC
2021-06-30,4290.65,4302.43,4287.96,4297.50,4266040000,^GSPC
2021-07-01,4300.73,4320.66,4300.73,4319.94,3788230000,^GSPC
2021-07-02,4326.60,4355.43,4326.60,4352.34,3225840000,^GSPC
2021-07-06,4356.46,4356.46,4314.37,4343.54,4309570000,^GSPC
2021-07-07,4351.01,4361.88,4329.79,4358.13,4037380000,^GSPC
2021-07-08,4321.07,4330.88,4289.37,4320.82,4347500000,^GSPC
2021-07-09,4329.38,4371.60,4329.38,4369.55,3531120000,^GSPC
2021-07-12,4372.41,4386.68,4364.03,4384.63,3384460000,^GSPC
2021-07-13,4381.07,4392.37,4366.92,4369.21,3695430000,^GSPC
2021-07-14,4380.11,4393.68,4362.36,4374.30,4006370000,^GSPC
2021-07-15,4369.02,4369.02,4340.70,4360.03,3905230000,^GSPC
2021-07-16,4367.43,4375.09,4322.53,4327.16,3985700000,^GSPC
2021-07-19,4296.40,4296.40,4233.13,4258.49,5157660000,^GSPC
2021-07-20,4265.11,4336.84,4262.05,4323.06,4438270000,^GSPC
2021-07-21,4331.13,4359.70,4331.13,4358.69,3810280000,^GSPC
2021-07-22,4361.27,4369.87,4350.06,4367.48,3358300000,^GSPC
2021-07-23,4381.20,4415.18,4381.20,4411.79,4540070000,^GSPC
2021-07-26,4409.58,4422.73,4405.45,4422.30,4275630000,^GSPC
2021-07-27,4416.38,4416.38,4372.51,4401.46,4241950000,^GSPC
2021-07-28,4402.95,4415.47,4387.01,4400.64,4215290000,^GSPC
2021-07-29,4403.59,4429.97,4403.59,4419.15,4044600000,^GSPC
2021-07-30,4395.12,4412.25,4389.65,4395.26,3956740000,^GSPC
2021-08-02,4406.86,4422.18,4384.81,4387.16,3724090000,^GSPC
2021-08-03,4392.74,4423.79,4373.00,4423.15,3965190000,^GSPC
2021-08-04,4415.95,4416.17,4400.23,4402.66,4260760000,^GSPC
2021-08-05,4408.86,4429.76,4408.86,4429.10,3769410000,^GSPC
2021-08-06,4429.07,4440.82,4429.07,4436.52,3451870000,^GSPC
2021-08-09,4437.77,4439.39,4424.74,4432.35,3449280000,^GSPC
2021-08-10,4435.79,4445.21,4430.03,4436.75,3886610000,^GSPC
2021-08-11,4442.18,4449.44,4436.42,4442.41,3532560000,^GSPC
2021-08-12,4446.08,4461.77,4435.96,4460.83,3375310000,^GSPC
2021-08-13,4464.84,4468.37,4460.82,4468.00,3016470000,^GSPC
2021-08-16,4461.65,4480.26,4437.66,4479.71,3370640000,^GSPC
2021-08-17,4462.12,4462.12,4417.83,4448.08,3836960000,^GSPC
2021-08-18,4440.94,4454.32,4397.59,4400.27,3755590000,^GSPC
2021-08-19,4382.44,4418.61,4367.73,4405.80,4398410000,^GSPC
2021-08-20,4410.56,4444.35,4406.80,4441.67,3652610000,^GSPC
2021-08-23,4450.29,4489.88,4450.29,4479.53,3576530000,^GSPC
2021-08-24,4484.40,4492.81,4482.28,4486.23,3979220000,^GSPC
2021-08-25,4490.45,4501.71,4485.66,4496.19,3444700000,^GSPC
2021-08-26,4493.75,4495.90,4468.99,4470.00,3263980000,^GSPC
2021-08-27,4474.10,4513.33,4474.10,4509.37,3331200000,^GSPC
2021-08-30,4513.76,4537.36,4513.76,4528.79,3168660000,^GSPC
2021-08-31,4529.75,4531.39,4515.80,4522.68,4290710000,^GSPC
2021-09-01,4528.80,4537.11,4522.02,4524.09,4057340000,^GSPC
2021-09-02,4534.48,4545.85,4524.66,4536.95,3735990000,^GSPC
2021-09-03,4532.42,4541.45,4521.30,4535.43,3217530000,^GSPC
2021-09-07,4535.38,4535.38,4513.00,4520.03,3822960000,^GSPC
2021-09-08,4518.09,4521.79,4493.95,4514.07,3750880000,^GSPC
2021-09-09,4513.02,4529.90,4492.07,4493.28,3735390000,^GSPC
2021-09-10,4506.92,4520.47,4457.66,4458.58,3623180000,^GSPC
2021-09-13,4474.81,4492.99,4445.70,4468.73,3914220000,^GSPC
2021-09-14,4479.33,4485.68,4435.46,4443.05,3670460000,^GSPC
2021-09-15,4447.49,4486.87,4438.37,4480.70,4032020000,^GSPC
2021-09-16,4477.09,4485.87,4443.80,4473.75,3984560000,^GSPC
2021-09-17,4469.74,4471.52,4427.76,4432.99,7289530000,^GSPC
2021-09-20,4402.95,4402.95,4305.91,4357.73,4898070000,^GSPC
2021-09-21,4374.45,4394.87,4347.96,4354.19,3920920000,^GSPC
2021-09-22,4367.43,4416.75,4367.43,4395.64,3939170000,^GSPC
2021-09-23,4406.75,4465.40,4406.75,4448.98,3916350000,^GSPC
2021-09-24,4438.04,4463.12,4430.27,4455.48,3384290000,^GSPC
2021-09-27,4442.12,4457.30,4436.19,4443.11,4058650000,^GSPC
2021-09-28,4419.54,4419.54,4346.33,4352.63,4416550000,^GSPC
2021-09-29,4362.41,4385.57,4355.08,4359.46,3712660000,^GSPC
2021-09-30,4370.67,4382.55,4306.24,4307.54,4448140000,^GSPC
2021-10-01,4317.16,4375.19,4288.52,4357.04,4010370000,^GSPC
2021-10-04,4348.84,4355.51,4278.94,4300.46,4307870000,^GSPC
2021-10-05,4309.87,4369.23,4309.87,4345.72,3902890000,^GSPC
2021-10-06,4319.57,4365.57,4290.49,4363.55,4009630000,^GSPC
2021-10-07,4383.73,4429.97,4383.73,4399.76,3843740000,^GSPC
2021-10-08,4406.51,4412.02,4386.22,4391.34,3280160000,^GSPC
2021-10-11,4385.44,4415.88,4360.59,4361.19,3281970000,^GSPC
2021-10-12,4368.31,4374.89,4342.09,4350.65,3558450000,^GSPC
2021-10-13,4358.01,4372.87,4329.92,4363.80,3620070000,^GSPC
2021-10-14,4386.75,4439.73,4386.75,4438.26,3598280000,^GSPC
2021-10-15,4447.69,4475.82,4447.69,4471.37,3819380000,^GSPC
2021-10-18,4463.72,4488.75,4447.47,4486.46,3662010000,^GSPC
2021-10-19,4497.34,4520.40,4496.41,4519.63,3459130000,^GSPC
2021-10-20,4524.42,4540.87,4524.40,4536.19,3670760000,^GSPC
2021-10-21,4532.24,4551.44,4526.89,4549.78,3822330000,^GSPC
2021-10-22,4546.12,4559.67,4524.00,4544.90,3758220000,^GSPC
2021-10-25,4553.69,4572.62,4537.36,4566.48,3899400000,^GSPC
2021-10-26,4578.69,4598.53,4569.17,4574.79,3879740000,^GSPC
2021-10-27,4580.22,4584.57,4551.66,4551.68,4226050000,^GSPC
2021-10-28,4562.84,4597.55,4562.84,4596.42,4132950000,^GSPC
2021-10-29,4572.87,4608.08,4567.59,4605.38,4510200000,^GSPC
2021-11-01,4610.62,4620.34,4595.06,4613.67,3971540000,^GSPC
2021-11-02,4613.34,4635.15,4613.34,4630.65,3975250000,^GSPC
2021-11-03,4630.65,4663.46,4621.19,4660.57,4319660000,^GSPC
2021-11-04,4662.93,4683.00,4662.59,4680.06,4462300000,^GSPC
2021-11-05,4699.26,4718.50,4681.32,4697.53,4467180000,^GSPC
2021-11-08,4701.48,4714.92,4694.39,4701.70,4269710000,^GSPC
2021-11-09,4707.25,4708.53,4670.87,4685.25,4117080000,^GSPC
2021-11-10,4670.26,4684.85,4630.86,4646.71,4503720000,^GSPC
2021-11-11,4659.39,4664.55,4648.31,4649.27,3926870000,^GSPC
2021-11-12,4655.24,4688.47,4650.77,4682.85,3728600000,^GSPC
2021-11-15,4689.30,4697.42,4672.86,4682.80,3488410000,^GSPC
2021-11-16,4679.42,4714.95,4679.42,4700.90,3972640000,^GSPC
2021-11-17,4701.50,4701.50,4684.41,4688.67,3969070000,^GSPC
2021-11-18,4700.72,4708.80,4672.78,4704.54,4226410000,^GSPC
2021-11-19,4708.44,4717.75,4694.22,4697.96,4253180000,^GSPC
2021-11-22,4712.00,4743.83,4682.17,4682.94,4441100000,^GSPC
2021-11-23,4678.48,4699.39,4652.66,4690.70,4277590000,^GSPC
2021-11-24,4675.78,4702.87,4659.89,4701.46,3418430000,^GSPC
2021-11-26,4664.63,4664.63,4585.43,4594.62,3517700000,^GSPC
2021-11-29,4628.75,4672.95,4625.26,4655.27,4336410000,^GSPC
2021-11-30,4640.25,4646.02,4560.00,4567.00,6625990000,^GSPC
2021-12-01,4602.82,4652.94,4510.27,4513.04,5366730000,^GSPC
2021-12-02,4504.73,4595.46,4504.73,4577.10,5077180000,^GSPC
2021-12-03,4589.49,4608.03,4495.12,4538.43,5240070000,^GSPC
2021-12-06,4548.37,4612.60,4540.51,4591.67,4770800000,^GSPC
2021-12-07,4631.97,4694.04,4631.97,4686.75,4492400000,^GSPC
2021-12-08,4690.86,4705.06,4674.52,4701.21,4234600000,^GSPC
2021-12-09,4691.00,4695.26,4665.98,4667.45,3903840000,^GSPC
2021-12-10,4687.64,4713.57,4670.24,4712.02,3870110000,^GSPC
2021-12-13,4710.30,4710.30,4667.60,4668.97,4397230000,^GSPC
2021-12-14,4642.99,4660.47,4606.52,4634.09,4485430000,^GSPC
2021-12-15,4636.46,4712.60,4611.22,4709.85,4910130000,^GSPC
2021-12-16,4719.13,4731.99,4651.89,4668.67,4829500000,^GSPC
2021-12-17,4652.50,4666.70,4600.22,4620.64,7987090000,^GSPC
2021-12-20,4587.90,4587.90,4531.10,4568.02,4635700000,^GSPC
2021-12-21,4594.96,4651.14,4583.16,4649.23,4072430000,^GSPC
2021-12-22,4650.36,4697.67,4645.53,4696.56,3319610000,^GSPC
2021-12-23,4703.96,4740.74,4703.96,4725.79,2913040000,^GSPC
2021-12-27,4733.99,4791.49,4733.99,4791.19,2770290000,^GSPC
2021-12-28,4795.49,4807.02,4780.04,4786.35,2707920000,^GSPC
2021-12-29,4788.64,4804.06,4778.08,4793.06,2963310000,^GSPC
2021-12-30,4794.23,4808.93,4775.33,4778.73,3124950000,^GSPC
2021-12-31,4775.21,4786.83,4765.75,4766.18,2677820000,^GSPC
2022-01-03,4778.14,4796.64,4758.17,4796.56,3831020000,^GSPC
2022-01-04,4804.51,4818.62,4774.27,4793.54,4683170000,^GSPC
2022-01-05,4787.99,4797.70,4699.44,4700.58,4887960000,^GSPC
2022-01-06,4693.39,4725.01,4671.26,4696.05,4295280000,^GSPC
2022-01-07,4697.66,4707.95,4662.74,4677.03,4181510000,^GSPC
2022-01-10,4655.34,4673.02,4582.24,4670.29,4511810000,^GSPC
2022-01-11,4669.14,4714.13,4638.27,4713.07,4101590000,^GSPC
2022-01-12,4728.59,4748.83,4706.71,4726.35,4048220000,^GSPC
2022-01-13,4733.56,4744.13,4650.29,4659.03,4251730000,^GSPC
2022-01-14,4637.99,4665.13,4614.75,4662.85,4338490000,^GSPC
2022-01-18,4632.24,4632.24,4568.70,4577.11,4748700000,^GSPC
2022-01-19,4588.03,4611.55,4530.20,4532.76,4465740000,^GSPC
2022-01-20,4547.35,4602.11,4477.95,4482.73,4640870000,^GSPC
2022-01-21,4471.38,4494.52,4395.34,4397.94,5589100000,^GSPC
2022-01-24,4356.32,4417.35,4222.62,4410.13,6928110000,^GSPC
2022-01-25,4366.64,4411.01,4287.11,4356.45,5145050000,^GSPC
2022-01-26,4408.43,4453.23,4304.80,4349.93,5570640000,^GSPC
2022-01-27,4380.58,4428.74,4309.50,4326.51,5214200000,^GSPC
2022-01-28,4336.19,4432.72,4292.46,4431.85,5031090000,^GSPC
2022-01-31,4431.79,4516.89,4414.02,4515.55,5098610000,^GSPC
2022-02-01,4519.57,4550.49,4483.53,4546.54,4816830000,^GSPC
2022-02-02,4566.39,4595.31,4544.32,4589.38,4481580000,^GSPC
2022-02-03,4535.41,4542.88,4470.39,4477.44,4401970000,^GSPC
2022-02-04,4482.79,4539.66,4451.50,4500.53,4706290000,^GSPC
2022-02-07,4505.75,4521.86,4471.47,4483.87,4228480000,^GSPC
2022-02-08,4480.02,4531.32,4465.40,4521.54,4459620000,^GSPC
2022-02-09,4547.00,4590.03,4547.00,4587.18,4524350000,^GSPC
2022-02-10,4553.24,4588.92,4484.31,4504.08,5314860000,^GSPC
2022-02-11,4506.27,4526.33,4401.41,4418.64,5251500000,^GSPC
2022-02-14,4412.61,4426.22,4364.84,4401.67,4600390000,^GSPC
2022-02-15,4429.28,4472.77,4429.28,4471.07,4430830000,^GSPC
2022-02-16,4455.75,4489.55,4429.68,4475.01,4283640000,^GSPC
2022-02-17,4456.06,4456.06,4373.81,4380.26,4539420000,^GSPC
2022-02-18,4384.57,4394.60,4327.22,4348.87,4708060000,^GSPC
2022-02-22,4332.74,4362.12,4267.11,4304.76,5121900000,^GSPC
2022-02-23,4324.93,4341.51,4221.51,4225.50,4797430000,^GSPC
2022-02-24,4155.77,4294.73,4114.65,4288.70,6752130000,^GSPC
2022-02-25,4298.38,4385.34,4286.83,4384.65,5177060000,^GSPC
2022-02-28,4354.17,4388.84,4315.12,4373.94,6071370000,^GSPC
2022-03-01,4363.14,4378.45,4279.54,4306.26,5846230000,^GSPC
2022-03-02,4322.56,4401.48,4322.56,4386.54,5337870000,^GSPC
2022-03-03,4401.31,4416.78,4345.56,4363.49,5039890000,^GSPC
2022-03-04,4342.12,4342.12,4284.98,4328.87,5797380000,^GSPC
2022-03-07,4327.01,4327.01,4199.85,4201.09,6940470000,^GSPC
2022-03-08,4202.66,4276.94,4157.87,4170.70,7243120000,^GSPC
2022-03-09,4223.10,4299.40,4223.10,4277.88,5662670000,^GSPC
2022-03-10,4252.55,4268.28,4209.80,4259.52,4980830000,^GSPC
2022-03-11,4279.50,4291.01,4200.49,4204.31,4938640000,^GSPC
2022-03-14,4202.75,4247.57,4161.72,4173.11,5574920000,^GSPC
2022-03-15,4188.82,4271.05,4187.90,4262.45,5392470000,^GSPC
2022-03-16,4288.14,4358.90,4251.99,4357.86,6309750000,^GSPC
2022-03-17,4345.11,4412.67,4335.65,4411.67,4985090000,^GSPC
2022-03-18,4407.34,4465.40,4390.57,4463.12,8278430000,^GSPC
2022-03-21,4462.40,4481.75,4424.30,4461.18,4869820000,^GSPC
2022-03-22,4469.10,4522.00,4469.10,4511.61,4754840000,^GSPC
2022-03-23,4493.10,4501.07,4455.81,4456.24,4550670000,^GSPC
2022-03-24,4469.98,4520.58,4465.17,4520.16,4131390000,^GSPC
2022-03-25,4522.91,4546.03,4501.07,4543.06,4305020000,^GSPC
2022-03-28,4541.09,4575.65,4517.69,4575.52,4312260000,^GSPC
2022-03-29,4602.86,4637.30,4589.66,4631.60,5085910000,^GSPC
2022-03-30,4624.20,4627.77,4581.32,4602.45,4385570000,^GSPC
2022-03-31,4599.02,4603.07,4530.41,4530.41,4823020000,^GSPC
2022-04-01,4540.32,4548.70,4507.57,4545.86,4562940000,^GSPC
2022-04-04,4547.97,4583.50,4539.21,4582.64,4547350000,^GSPC
2022-04-05,4572.45,4593.45,4514.17,4525.12,4800620000,^GSPC
2022-04-06,4494.17,4503.94,4450.04,4481.15,4986830000,^GSPC
2022-04-07,4474.65,4521.16,4450.30,4500.21,4821490000,^GSPC
2022-04-08,4494.15,4520.41,4474.60,4488.28,4083200000,^GSPC
2022-04-11,4462.64,4464.35,4408.38,4412.53,4266290000,^GSPC
2022-04-12,4437.59,4471.00,4381.34,4397.45,4152090000,^GSPC
2022-04-13,4394.30,4453.92,4392.70,4446.59,3828150000,^GSPC
2022-04-14,4449.12,4460.46,4390.77,4392.59,4083090000,^GSPC
2022-04-18,4385.63,4410.31,4370.30,4391.69,3910490000,^GSPC
2022-04-19,4390.63,4471.03,4390.63,4462.21,4108120000,^GSPC
2022-04-20,4472.26,4488.29,4448.76,4459.45,4290450000,^GSPC
2022-04-21,4489.17,4512.94,4384.47,4393.66,4636890000,^GSPC
2022-04-22,4385.83,4385.83,4267.62,4271.78,4651940000,^GSPC
2022-04-25,4255.34,4299.02,4200.82,4296.12,5240040000,^GSPC
2022-04-26,4278.14,4278.14,4175.04,4175.20,4689970000,^GSPC
2022-04-27,4186.52,4240.71,4162.90,4183.96,4769680000,^GSPC
2022-04-28,4222.58,4308.45,4188.63,4287.50,4854180000,^GSPC
2022-04-29,4253.75,4269.68,4124.28,4131.93,5084030000,^GSPC
2022-05-02,4130.61,4169.81,4062.51,4155.38,5163790000,^GSPC
2022-05-03,4159.78,4200.10,4147.08,4175.48,4582050000,^GSPC
2022-05-04,4181.18,4307.66,4148.91,4300.17,5136360000,^GSPC
2022-05-05,4270.43,4270.43,4106.01,4146.87,5077030000,^GSPC
2022-05-06,4128.17,4157.69,4067.91,4123.34,5116940000,^GSPC
2022-05-09,4081.27,4081.27,3975.48,3991.24,5954520000,^GSPC
2022-05-10,4035.18,4068.82,3958.17,4001.05,5885820000,^GSPC
2022-05-11,3990.08,4049.09,3928.82,3935.18,5816140000,^GSPC
2022-05-12,3903.95,3964.80,3858.87,3930.08,6286450000,^GSPC
2022-05-13,3963.90,4038.88,3963.90,4023.89,5183340000,^GSPC
2022-05-16,4013.02,4046.46,3983.99,4008.01,4415030000,^GSPC
2022-05-17,4052.00,4090.72,4033.93,4088.85,4841410000,^GSPC
2022-05-18,4051.98,4051.98,3911.91,3923.68,5103220000,^GSPC
2022-05-19,3899.00,3945.96,3876.58,3900.79,5113550000,^GSPC
2022-05-20,3927.76,3943.42,3810.32,3901.36,5130730000,^GSPC
2022-05-23,3919.42,3981.88,3909.04,3973.75,4420030000,^GSPC
2022-05-24,3942.94,3955.68,3875.13,3941.48,4923190000,^GSPC
2022-05-25,3929.59,3999.33,3925.03,3978.73,4802560000,^GSPC
2022-05-26,3984.60,4075.14,3984.60,4057.84,4709970000,^GSPC
2022-05-27,4077.43,4158.49,4077.43,4158.24,4375620000,^GSPC
2022-05-31,4151.09,4168.34,4104.88,4132.15,6822640000,^GSPC
2022-06-01,4149.78,4166.54,4073.85,4101.23,4531800000,^GSPC
2022-06-02,4095.41,4177.51,4074.37,4176.82,4405790000,^GSPC
2022-06-03,4137.57,4142.67,4098.67,4108.54,3711110000,^GSPC
2022-06-06,4134.72,4168.78,4109.18,4121.43,4332700000,^GSPC
2022-06-07,4096.47,4164.86,4080.19,4160.68,4248210000,^GSPC
2022-06-08,4147.12,4160.14,4107.20,4115.77,4159470000,^GSPC
2022-06-09,4101.65,4119.10,4017.17,4017.82,4134170000,^GSPC
2022-06-10,3974.39,3974.39,3900.16,3900.86,4889640000,^GSPC
2022-06-13,3838.15,3838.15,3734.30,3749.63,5636890000,^GSPC
2022-06-14,3763.52,3778.18,3705.68,3735.48,5153890000,^GSPC
2022-06-15,3764.05,3837.56,3722.30,3789.99,5530480000,^GSPC
2022-06-16,3728.18,3728.18,3639.77,3666.77,5644930000,^GSPC
2022-06-17,3665.90,3707.71,3636.87,3674.84,8520740000,^GSPC
2022-06-21,3715.31,3779.65,3715.31,3764.79,5292260000,^GSPC
2022-06-22,3733.89,3801.79,3717.69,3759.89,5058990000,^GSPC
2022-06-23,3774.71,3802.58,3743.52,3795.73,5098640000,^GSPC
2022-06-24,3821.75,3913.65,3821.75,3911.74,8120260000,^GSPC
2022-06-27,3920.76,3927.72,3889.66,3900.11,4325310000,^GSPC
2022-06-28,3913.00,3945.86,3820.14,3821.55,4270120000,^GSPC
2022-06-29,3825.09,3836.50,3799.02,3818.83,4211240000,^GSPC
2022-06-30,3785.99,3818.99,3738.67,3785.38,4840070000,^GSPC
2022-07-01,3781.00,3829.82,3752.10,3825.33,4046950000,^GSPC
2022-07-05,3792.61,3832.19,3742.06,3831.39,5076590000,^GSPC
2022-07-06,3831.98,3870.91,3809.37,3845.08,4417720000,^GSPC
2022-07-07,3858.85,3910.63,3858.85,3902.62,4057770000,^GSPC
2022-07-08,3888.26,3918.50,3869.34,3899.38,3521620000,^GSPC
2022-07-11,3880.94,3880.94,3847.22,3854.43,3423480000,^GSPC
2022-07-12,3851.95,3873.41,3802.36,3818.80,3817210000,^GSPC
2022-07-13,3779.67,3829.44,3759.07,3801.78,4109390000,^GSPC
2022-07-14,3763.99,3796.41,3721.56,3790.38,4199690000,^GSPC
2022-07-15,3818.00,3863.62,3817.18,3863.16,4143800000,^GSPC
2022-07-18,3883.79,3902.44,3818.63,3830.85,4046870000,^GSPC
2022-07-19,3860.73,3939.81,3860.73,3936.69,4041070000,^GSPC
2022-07-20,3935.32,3974.13,3922.03,3959.90,4185300000,^GSPC
2022-07-21,3955.47,3999.29,3927.64,3998.95,4132790000,^GSPC
2022-07-22,3998.43,4012.44,3938.86,3961.63,3979240000,^GSPC
2022-07-25,3965.72,3975.30,3943.46,3966.84,3568340000,^GSPC
2022-07-26,3953.22,3953.22,3910.74,3921.05,3778950000,^GSPC
2022-07-27,3951.43,4039.56,3951.43,4023.61,4112180000,^GSPC
2022-07-28,4026.13,4078.95,3992.97,4072.43,4413000000,^GSPC
2022-07-29,4087.33,4140.15,4079.22,4130.29,4616360000,^GSPC
2022-08-01,4112.38,4144.95,4096.02,4118.63,4202810000,^GSPC
2022-08-02,4104.21,4140.47,4079.81,4091.19,4727710000,^GSPC
2022-08-03,4107.96,4167.66,4107.96,4155.17,4351760000,^GSPC
2022-08-04,4154.85,4161.29,4135.42,4151.94,4283320000,^GSPC
2022-08-05,4115.87,4151.58,4107.31,4145.19,4085940000,^GSPC
2022-08-08,4155.93,4186.62,4128.97,4140.06,4221090000,^GSPC
2022-08-09,4133.11,4137.30,4112.09,4122.47,3913090000,^GSPC
2022-08-10,4181.02,4211.03,4177.26,4210.24,4546010000,^GSPC
2022-08-11,4227.40,4257.91,4201.41,4207.27,4630200000,^GSPC
2022-08-12,4225.02,4280.47,4219.78,4280.15,3788010000,^GSPC
2022-08-15,4269.37,4301.79,4256.90,4297.14,3696830000,^GSPC
2022-08-16,4290.46,4325.28,4277.77,4305.20,4329820000,^GSPC
2022-08-17,4280.40,4302.18,4253.08,4274.04,3885030000,^GSPC
2022-08-18,4273.13,4292.53,4261.98,4283.74,3340330000,^GSPC
2022-08-19,4266.31,4266.31,4218.70,4228.48,3761340000,^GSPC
2022-08-22,4195.08,4195.08,4129.86,4137.99,3907430000,^GSPC
2022-08-23,4133.09,4159.77,4124.03,4128.73,3823520000,^GSPC
2022-08-24,4126.55,4156.56,4119.97,4140.77,3583630000,^GSPC
2022-08-25,4153.26,4200.54,4147.59,4199.12,3566870000,^GSPC
2022-08-26,4198.74,4203.04,4057.66,4057.66,3832750000,^GSPC
2022-08-29,4034.58,4062.99,4017.42,4030.61,3396510000,^GSPC
2022-08-30,4041.25,4044.98,3965.21,3986.16,3835860000,^GSPC
2022-08-31,4000.67,4015.37,3954.53,3955.00,4542490000,^GSPC
2022-09-01,3936.73,3970.23,3903.65,3966.85,4152250000,^GSPC
2022-09-02,3994.66,4018.43,3906.21,3924.26,3665850000,^GSPC
2022-09-06,3930.89,3942.55,3886.75,3908.19,4127340000,^GSPC
2022-09-07,3909.43,3987.89,3906.03,3979.87,3890320000,^GSPC
2022-09-08,3959.94,4010.50,3944.81,4006.18,3966850000,^GSPC
2022-09-09,4022.94,4076.81,4022.94,4067.36,3901940000,^GSPC
2022-09-12,4083.67,4119.28,4083.67,4110.41,3814200000,^GSPC
2022-09-13,4037.12,4037.12,3921.28,3932.69,4224550000,^GSPC
2022-09-14,3940.73,3961.94,3912.18,3946.01,4293240000,^GSPC
2022-09-15,3932.41,3959.14,3888.28,3901.35,4441830000,^GSPC
2022-09-16,3880.95,3880.95,3837.08,3873.33,7954650000,^GSPC
2022-09-19,3849.91,3900.45,3838.50,3899.89,3766850000,^GSPC
2022-09-20,3875.23,3876.01,3827.54,3855.93,4058050000,^GSPC
2022-09-21,3871.40,3907.07,3789.49,3789.93,4078330000,^GSPC
2022-09-22,3782.36,3790.90,3749.45,3757.99,4284600000,^GSPC
2022-09-23,3727.14,3727.14,3647.47,3693.23,5144270000,^GSPC
2022-09-26,3682.72,3715.67,3644.76,3655.04,4886140000,^GSPC
2022-09-27,3686.44,3717.53,3623.29,3647.29,4577740000,^GSPC
2022-09-28,3651.94,3736.74,3640.61,3719.04,4684850000,^GSPC
2022-09-29,3687.01,3687.01,3610.40,3640.47,4681810000,^GSPC
2022-09-30,3633.48,3671.44,3584.13,3585.62,5645360000,^GSPC
2022-10-03,3609.78,3698.35,3604.93,3678.43,4806680000,^GSPC
2022-10-04,3726.46,3791.92,3726.46,3790.93,5146580000,^GSPC
2022-10-05,3753.25,3806.91,3722.66,3783.28,4293180000,^GSPC
2022-10-06,3771.97,3797.93,3739.22,3744.52,4252100000,^GSPC
2022-10-07,3706.74,3706.74,3620.73,3639.66,4449660000,^GSPC
2022-10-10,3647.51,3652.17,3588.10,3612.39,3834320000,^GSPC
2022-10-11,3595.86,3640.66,3568.45,3588.84,4759030000,^GSPC
2022-10-12,3590.83,3608.34,3573.86,3577.03,4006830000,^GSPC
2022-10-13,3520.37,3685.41,3491.58,3669.91,5021680000,^GSPC
2022-10-14,3690.41,3712.00,3579.68,3583.07,4243030000,^GSPC
2022-10-17,3638.65,3689.73,3638.65,3677.95,4352780000,^GSPC
2022-10-18,3746.26,3762.79,3686.53,3719.98,4483740000,^GSPC
2022-10-19,3703.11,3728.58,3666.51,3695.16,4223800000,^GSPC
2022-10-20,3689.05,3736.00,3656.44,3665.78,4496620000,^GSPC
2022-10-21,3657.10,3757.89,3647.42,3752.75,5078020000,^GSPC
2022-10-24,3762.01,3810.74,3741.65,3797.34,4747930000,^GSPC
2022-10-25,3799.44,3862.85,3799.44,3859.11,4843120000,^GSPC
2022-10-26,3825.97,3886.15,3824.07,3830.60,4817310000,^GSPC
2022-10-27,3834.69,3859.95,3803.79,3807.30,4687320000,^GSPC
2022-10-28,3808.26,3905.42,3808.26,3901.06,4459410000,^GSPC
2022-10-31,3881.85,3893.73,3863.18,3871.98,4820620000,^GSPC
2022-11-01,3901.79,3911.79,3843.80,3856.10,4481210000,^GSPC
2022-11-02,3852.90,3894.44,3758.68,3759.69,4899000000,^GSPC
2022-11-03,3733.25,3750.59,3698.15,3719.89,4625290000,^GSPC
2022-11-04,3766.98,3796.34,3708.84,3770.55,5400180000,^GSPC
2022-11-07,3780.71,3813.95,3764.70,3806.80,4341620000,^GSPC
2022-11-08,3817.02,3859.40,3786.28,3828.11,4607640000,^GSPC
2022-11-09,3810.94,3818.20,3744.22,3748.57,4645010000,^GSPC
2022-11-10,3859.89,3958.33,3859.89,3956.37,5781260000,^GSPC
2022-11-11,3963.72,4001.48,3944.82,3992.93,5593310000,^GSPC
2022-11-14,3977.97,4008.97,3956.40,3957.25,4561930000,^GSPC
2022-11-15,4006.41,4028.84,3953.17,3991.73,5015310000,^GSPC
2022-11-16,3976.82,3983.09,3954.34,3958.79,4165320000,^GSPC
2022-11-17,3919.26,3954.33,3906.54,3946.56,4051780000,^GSPC
2022-11-18,3966.39,3979.89,3935.98,3965.34,4037360000,^GSPC
2022-11-21,3956.23,3962.00,3933.34,3949.94,3850690000,^GSPC
2022-11-22,3965.51,4005.88,3956.88,4003.58,3887990000,^GSPC
2022-11-23,4000.30,4033.78,3998.66,4027.26,3279720000,^GSPC
2022-11-25,4023.34,4034.02,4020.76,4026.12,1706460000,^GSPC
2022-11-28,4005.36,4012.27,3955.77,3963.94,3615430000,^GSPC
2022-11-29,3964.19,3976.77,3937.65,3957.63,3546040000,^GSPC
2022-11-30,3957.18,4080.11,3938.58,4080.11,6579360000,^GSPC
2022-12-01,4087.14,4100.51,4050.87,4076.57,4527130000,^GSPC
2022-12-02,4040.17,4080.48,4026.63,4071.70,4012620000,^GSPC
2022-12-05,4052.02,4052.45,3984.49,3998.84,4280820000,^GSPC
2022-12-06,3996.63,4001.51,3918.39,3941.26,4368380000,^GSPC
2022-12-07,3933.28,3957.57,3922.68,3933.92,4118050000,^GSPC
2022-12-08,3947.79,3974.19,3935.83,3963.51,4006900000,^GSPC
2022-12-09,3954.17,3977.02,3933.04,3934.38,3888260000,^GSPC
2022-12-12,3939.29,3990.71,3935.30,3990.56,3904130000,^GSPC
2022-12-13,4069.38,4100.96,3993.03,4019.65,5079360000,^GSPC
2022-12-14,4015.54,4053.76,3965.65,3995.32,4472340000,^GSPC
2022-12-15,3958.37,3958.37,3879.45,3895.75,4493900000,^GSPC
2022-12-16,3890.91,3890.91,3827.91,3852.36,7493660000,^GSPC
2022-12-19,3853.79,3854.86,3800.04,3817.66,3969610000,^GSPC
2022-12-20,3810.47,3838.24,3795.62,3821.62,3985370000,^GSPC
2022-12-21,3839.49,3889.82,3839.49,3878.44,3775200000,^GSPC
2022-12-22,3853.26,3853.26,3764.49,3822.39,3956950000,^GSPC
2022-12-23,3815.11,3845.80,3797.01,3844.82,2819280000,^GSPC
2022-12-27,3843.34,3846.65,3813.22,3829.25,3030300000,^GSPC
2022-12-28,3829.56,3848.32,3780.78,3783.22,3083520000,^GSPC
2022-12-29,3805.45,3858.19,3805.45,3849.28,3003680000,^GSPC
2022-12-30,3829.06,3839.85,3800.34,3839.50,2979870000,^GSPC
2023-01-03,3853.29,3878.46,3794.33,3824.14,3959140000,^GSPC
2023-01-04,3840.36,3873.16,3815.77,3852.97,4414080000,^GSPC
2023-01-05,3839.74,3839.74,3802.42,3808.10,3893450000,^GSPC
2023-01-06,3823.37,3906.19,3809.56,3895.08,3923560000,^GSPC
2023-01-09,3910.82,3950.57,3890.42,3892.09,4311770000,^GSPC
2023-01-10,3888.57,3919.83,3877.29,3919.25,3851030000,^GSPC
2023-01-11,3932.35,3970.07,3928.54,3969.61,4303360000,^GSPC
2023-01-12,3977.57,3997.76,3937.56,3983.17,4440260000,^GSPC
2023-01-13,3960.60,4003.95,3947.67,3999.09,3939700000,^GSPC
2023-01-17,3999.28,4015.39,3984.57,3990.97,4235560000,^GSPC
2023-01-18,4002.25,4014.16,3926.59,3928.86,4298710000,^GSPC
2023-01-19,3911.84,3922.94,3885.54,3898.85,3991500000,^GSPC
2023-01-20,3909.04,3972.96,3897.86,3972.61,4013360000,^GSPC
2023-01-23,3978.14,4039.31,3971.64,4019.81,3945210000,^GSPC
2023-01-24,4001.74,4023.92,3989.79,4016.95,3320430000,^GSPC
2023-01-25,3982.71,4019.55,3949.06,4016.22,3724020000,^GSPC
2023-01-26,4036.08,4061.57,4013.29,4060.43,3809590000,^GSPC
2023-01-27,4053.72,4094.21,4048.70,4070.56,3907760000,^GSPC
2023-01-30,4049.27,4063.85,4015.55,4017.77,3802000000,^GSPC
2023-01-31,4020.85,4077.16,4020.44,4076.60,4679320000,^GSPC
2023-02-01,4070.07,4148.95,4037.20,4119.21,4856930000,^GSPC
2023-02-02,4158.68,4195.44,4141.88,4179.76,5624360000,^GSPC
2023-02-03,4136.69,4182.36,4123.36,4136.48,4694510000,^GSPC
2023-02-06,4119.57,4124.63,4093.38,4111.08,4114240000,^GSPC
2023-02-07,4105.35,4176.54,4088.39,4164.00,4355860000,^GSPC
2023-02-08,4153.47,4156.85,4111.67,4117.86,4029820000,^GSPC
2023-02-09,4144.25,4156.23,4069.67,4081.50,4270200000,^GSPC
2023-02-10,4068.92,4094.36,4060.79,4090.46,3891520000,^GSPC
2023-02-13,4096.62,4138.90,4092.67,4137.29,3448620000,^GSPC
2023-02-14,4126.70,4159.77,4095.01,4136.13,3929200000,^GSPC
2023-02-15,4119.50,4148.11,4103.98,4147.60,4075980000,^GSPC
2023-02-16,4114.75,4136.54,4089.49,4090.41,4143660000,^GSPC
2023-02-17,4077.39,4081.51,4047.95,4079.09,4045480000,^GSPC
2023-02-21,4052.35,4052.35,3995.19,3997.34,4121590000,^GSPC
2023-02-22,4001.83,4017.37,3976.90,3991.05,4079320000,^GSPC
2023-02-23,4018.60,4028.30,3969.19,4012.32,3952940000,^GSPC
2023-02-24,3973.24,3978.25,3943.08,3970.04,3877700000,^GSPC
2023-02-27,3992.36,4018.05,3973.55,3982.24,3836950000,^GSPC
2023-02-28,3977.19,3997.50,3968.98,3970.15,5043400000,^GSPC
2023-03-01,3963.34,3971.73,3939.05,3951.39,4249480000,^GSPC
2023-03-02,3938.68,3990.84,3928.16,3981.35,4244900000,^GSPC
2023-03-03,3998.02,4048.29,3995.17,4045.64,4084730000,^GSPC
2023-03-06,4055.15,4078.49,4044.61,4048.42,4000870000,^GSPC
2023-03-07,4048.26,4050.00,3980.31,3986.37,3922500000,^GSPC
2023-03-08,3987.55,4000.41,3969.76,3992.01,3535570000,^GSPC
2023-03-09,3998.66,4017.81,3908.70,3918.32,4445260000,^GSPC
2023-03-10,3912.77,3934.05,3846.32,3861.59,5518190000,^GSPC
2023-03-13,3835.12,3905.05,3808.86,3855.76,6558020000,^GSPC
2023-03-14,3894.01,3937.29,3873.63,3919.29,5665870000,^GSPC
2023-03-15,3876.74,3894.26,3838.24,3891.93,6594010000,^GSPC
2023-03-16,3878.93,3964.46,3864.11,3960.28,5695790000,^GSPC
2023-03-17,3958.69,3958.91,3901.27,3916.64,9354280000,^GSPC
2023-03-20,3917.47,3956.62,3916.89,3951.57,5347140000,^GSPC
2023-03-21,3975.89,4009.08,3971.19,4002.87,4920240000,^GSPC
2023-03-22,4002.04,4039.49,3936.17,3936.97,4533010000,^GSPC
2023-03-23,3959.21,4007.66,3919.05,3948.72,4991600000,^GSPC
2023-03-24,3939.21,3972.74,3909.16,3970.99,4583970000,^GSPC
2023-03-27,3982.93,4003.83,3970.49,3977.53,4233540000,^GSPC
2023-03-28,3974.13,3979.20,3951.53,3971.27,4014600000,^GSPC
2023-03-29,3999.53,4030.59,3999.53,4027.81,4145250000,^GSPC
2023-03-30,4046.74,4057.85,4032.10,4050.83,3930860000,^GSPC
2023-03-31,4056.18,4110.75,4056.18,4109.31,4525120000,^GSPC
2023-04-03,4102.20,4127.66,4098.79,4124.51,4234700000,^GSPC
2023-04-04,4128.03,4133.13,4086.87,4100.60,4227800000,^GSPC
2023-04-05,4094.50,4099.69,4072.56,4090.38,3968020000,^GSPC
2023-04-06,4081.15,4107.32,4069.84,4105.02,3486690000,^GSPC
2023-04-10,4085.20,4109.50,4072.55,4109.11,3423650000,^GSPC
2023-04-11,4110.29,4124.26,4102.61,4108.94,3665830000,^GSPC
2023-04-12,4121.72,4134.37,4086.94,4091.95,3633120000,^GSPC
2023-04-13,4100.04,4150.26,4099.40,4146.22,3596590000,^GSPC
2023-04-14,4140.11,4163.19,4113.20,4137.64,3575690000,^GSPC
2023-04-17,4137.17,4151.72,4123.18,4151.32,3611180000,^GSPC
2023-04-18,4164.26,4169.48,4140.36,4154.87,3536640000,^GSPC
2023-04-19,4139.33,4162.57,4134.49,4154.52,3572560000,^GSPC
2023-04-20,4130.48,4148.57,4114.57,4129.79,3772080000,^GSPC
2023-04-21,4132.14,4138.02,4113.86,4133.52,3611750000,^GSPC
2023-04-24,4132.07,4142.41,4117.77,4137.04,3290940000,^GSPC
2023-04-25,4126.43,4126.43,4071.38,4071.63,3978640000,^GSPC
2023-04-26,4087.78,4089.67,4049.35,4055.99,3837030000,^GSPC
2023-04-27,4075.29,4138.24,4075.29,4135.35,3750550000,^GSPC
2023-04-28,4129.63,4170.06,4127.18,4169.48,4087800000,^GSPC
2023-05-01,4166.79,4186.92,4164.12,4167.87,3321370000,^GSPC
2023-05-02,4164.10,4164.10,4089.72,4119.58,4486130000,^GSPC
2023-05-03,4122.25,4148.30,4088.86,4090.75,4246510000,^GSPC
2023-05-04,4082.55,4082.61,4048.28,4061.22,4920090000,^GSPC
2023-05-05,4084.73,4147.02,4084.73,4136.25,4186270000,^GSPC
2023-05-08,4136.98,4142.30,4123.81,4138.12,3641640000,^GSPC
2023-05-09,4124.25,4130.35,4116.65,4119.17,3810140000,^GSPC
2023-05-10,4143.74,4154.28,4098.92,4137.64,4057160000,^GSPC
2023-05-11,4132.24,4132.80,4109.29,4130.62,3752900000,^GSPC
2023-05-12,4138.54,4143.74,4099.12,4124.08,3533740000,^GSPC
2023-05-15,4126.65,4141.25,4110.27,4136.28,3562170000,^GSPC
2023-05-16,4127.95,4135.54,4109.86,4109.90,3654200000,^GSPC
2023-05-17,4122.85,4164.67,4113.62,4158.77,4039080000,^GSPC
2023-05-18,4157.68,4202.20,4153.50,4198.05,3980500000,^GSPC
2023-05-19,4204.15,4212.91,4180.20,4191.98,4041900000,^GSPC
2023-05-22,4190.78,4209.22,4179.68,4192.63,3728520000,^GSPC
2023-05-23,4176.80,4185.68,4142.54,4145.58,4155320000,^GSPC
2023-05-24,4132.96,4132.96,4103.98,4115.24,0,^GSPC
2023-05-25,4155.71,4165.74,4129.73,4151.28,4147760000,^GSPC
2023-05-26,4156.16,4212.87,4156.16,4205.45,3715460000,^GSPC
2023-05-30,4226.71,4231.10,4192.18,4205.52,4228510000,^GSPC
2023-05-31,4190.74,4195.44,4166.15,4179.83,5980670000,^GSPC
2023-06-01,4183.03,4232.43,4171.64,4221.02,4391860000,^GSPC
2023-06-02,4241.01,4290.67,4241.01,4282.37,4454200000,^GSPC
2023-06-05,4282.99,4299.28,4266.82,4273.79,3813290000,^GSPC
2023-06-06,4271.34,4288.33,4263.09,4283.85,3996560000,^GSPC
2023-06-07,4285.47,4299.19,4263.96,4267.52,4537800000,^GSPC
2023-06-08,4268.69,4298.01,4261.07,4293.93,3826740000,^GSPC
2023-06-09,4304.88,4322.62,4291.70,4298.86,3786510000,^GSPC
2023-06-12,4308.32,4340.13,4304.37,4338.93,3945670000,^GSPC
2023-06-13,4352.61,4375.37,4349.31,4369.01,4275400000,^GSPC
2023-06-14,4366.29,4391.82,4337.85,4372.59,4252110000,^GSPC
2023-06-15,4365.33,4439.20,4362.60,4425.84,4176690000,^GSPC
2023-06-16,4440.95,4448.47,4407.44,4409.59,6848600000,^GSPC
2023-06-20,4396.11,4400.15,4367.19,4388.71,4055790000,^GSPC
2023-06-21,4380.01,4386.22,4360.14,4365.69,3709330000,^GSPC
2023-06-22,4355.40,4382.25,4351.82,4381.89,3511000000,^GSPC
2023-06-23,4354.17,4366.55,4341.34,4348.33,6053620000,^GSPC
2023-06-26,4344.84,4362.06,4328.08,4328.82,3415030000,^GSPC
2023-06-27,4337.36,4384.42,4335.00,4378.41,3573500000,^GSPC
2023-06-28,4367.48,4390.35,4360.22,4376.86,3739330000,^GSPC
2023-06-29,4374.94,4398.39,4371.97,4396.44,3696660000,^GSPC
2023-06-30,4422.44,4458.48,4422.44,4450.38,3923450000,^GSPC
2023-07-03,4450.48,4456.46,4442.29,4455.59,2034280000,^GSPC
2023-07-05,4442.04,4454.06,4436.61,4446.82,3482620000,^GSPC
2023-07-06,4422.62,4422.62,4385.05,4411.59,3682020000,^GSPC
2023-07-07,4404.54,4440.39,4397.40,4398.95,3630480000,^GSPC
2023-07-10,4394.23,4412.60,4389.92,4409.53,3429600000,^GSPC
2023-07-11,4415.55,4443.64,4408.46,4439.26,3624220000,^GSPC
2023-07-12,4467.69,4488.34,4463.23,4472.16,3920290000,^GSPC
2023-07-13,4491.50,4517.38,4489.36,4510.04,3839530000,^GSPC
2023-07-14,4514.61,4527.76,4499.56,4505.42,3647450000,^GSPC
2023-07-17,4508.86,4532.85,4504.90,4522.79,3538240000,^GSPC
2023-07-18,4521.78,4562.30,4514.59,4554.98,4090010000,^GSPC
2023-07-19,4563.87,4578.43,4557.48,4565.72,4115670000,^GSPC
2023-07-20,4554.38,4564.74,4527.56,4534.87,3761770000,^GSPC
2023-07-21,4550.16,4555.00,4535.79,4536.34,3570190000,^GSPC
2023-07-24,4543.39,4563.41,4541.29,4554.64,3856250000,^GSPC
2023-07-25,4555.19,4580.62,4552.42,4567.46,3812470000,^GSPC
2023-07-26,4558.96,4582.47,4547.58,4566.75,3990290000,^GSPC
2023-07-27,4598.26,4607.07,4528.56,4537.41,4553210000,^GSPC
2023-07-28,4565.75,4590.16,4564.01,4582.23,3981010000,^GSPC
2023-07-31,4584.82,4594.22,4573.14,4588.96,4503600000,^GSPC
2023-08-01,4578.83,4584.62,4567.53,4576.73,4042370000,^GSPC
2023-08-02,4550.93,4550.93,4505.75,4513.39,4270710000,^GSPC
2023-08-03,4494.27,4519.49,4485.54,4501.89,4149120000,^GSPC
2023-08-04,4513.96,4540.34,4474.55,4478.03,4143310000,^GSPC
2023-08-07,4491.58,4519.84,4491.15,4518.44,3493920000,^GSPC
2023-08-08,4498.03,4503.31,4464.39,4499.38,3884910000,^GSPC
2023-08-09,4501.57,4502.44,4461.33,4467.71,3803100000,^GSPC
2023-08-10,4487.16,4527.37,4457.92,4468.83,4504370000,^GSPC
2023-08-11,4450.69,4476.23,4443.98,4464.05,3753290000,^GSPC
2023-08-14,4458.13,4490.33,4453.44,4489.72,3896410000,^GSPC
2023-08-15,4478.87,4478.87,4432.19,4437.86,3832250000,^GSPC
2023-08-16,4433.79,4449.95,4403.55,4404.33,3753910000,^GSPC
2023-08-17,4416.32,4421.17,4364.83,4370.36,3943700000,^GSPC
2023-08-18,4344.88,4381.82,4335.31,4369.71,3940400000,^GSPC
2023-08-21,4380.28,4407.55,4360.30,4399.77,3726850000,^GSPC
2023-08-22,4415.33,4418.59,4382.77,4387.55,3522760000,^GSPC
2023-08-23,4396.44,4443.18,4396.44,4436.01,3837270000,^GSPC
2023-08-24,4455.16,4458.30,4375.55,4376.31,3723470000,^GSPC
2023-08-25,4389.38,4418.46,4356.29,4405.71,3296180000,^GSPC
2023-08-28,4426.03,4439.56,4414.98,4433.31,2957230000,^GSPC
2023-08-29,4432.75,4500.14,4431.68,4497.63,3354820000,^GSPC
2023-08-30,4500.34,4521.65,4493.59,4514.87,3064110000,^GSPC
2023-08-31,4517.01,4532.26,4507.39,4507.66,3946360000,^GSPC
2023-09-01,4530.60,4541.25,4501.35,4515.77,3246260000,^GSPC
2023-09-05,4510.06,4514.29,4496.01,4496.83,3526250000,^GSPC
2023-09-06,4490.35,4490.35,4442.38,4465.48,3418850000,^GSPC
2023-09-07,4434.55,4457.81,4430.46,4451.14,3763760000,^GSPC
2023-09-08,4451.30,4473.53,4448.38,4457.49,3259290000,^GSPC
2023-09-11,4480.98,4490.77,4467.89,4487.46,3369920000,^GSPC
2023-09-12,4473.27,4487.11,4456.83,4461.90,3435740000,^GSPC
2023-09-13,4462.65,4479.39,4453.52,4467.44,3529430000,^GSPC
2023-09-14,4487.78,4511.99,4478.69,4505.10,3648720000,^GSPC
2023-09-15,4497.98,4497.98,4447.21,4450.32,6932230000,^GSPC
2023-09-18,4445.13,4466.36,4442.11,4453.53,3161230000,^GSPC
2023-09-19,4445.41,4449.85,4416.61,4443.95,3614880000,^GSPC
2023-09-20,4452.81,4461.03,4401.38,4402.20,3308450000,^GSPC
2023-09-21,4374.36,4375.70,4329.17,4330.00,3662340000,^GSPC
2023-09-22,4341.74,4357.40,4316.49,4320.06,3349570000,^GSPC
2023-09-25,4310.62,4338.51,4302.70,4337.44,3195650000,^GSPC
2023-09-26,4312.88,4313.01,4265.98,4273.53,3472340000,^GSPC
2023-09-27,4282.63,4292.07,4238.63,4274.51,3875880000,^GSPC
2023-09-28,4269.65,4317.27,4264.38,4299.70,3846230000,^GSPC
2023-09-29,4328.18,4333.15,4274.86,4288.05,3865960000,^GSPC
2023-10-02,4284.52,4300.58,4260.21,4288.39,3938660000,^GSPC
2023-10-03,4269.75,4281.15,4216.45,4229.45,3953830000,^GSPC
2023-10-04,4233.83,4268.50,4220.48,4263.75,3777600000,^GSPC
2023-10-05,4259.31,4267.13,4225.91,4258.19,3581470000,^GSPC
2023-10-06,4234.79,4324.10,4219.55,4308.50,3902030000,^GSPC
2023-10-09,4289.02,4341.73,4283.79,4335.66,3174630000,^GSPC
2023-10-10,4339.75,4385.46,4339.64,4358.24,3520240000,^GSPC
2023-10-11,4366.59,4378.64,4345.34,4376.95,3601660000,^GSPC
2023-10-12,4380.94,4385.85,4325.43,4349.61,3713140000,^GSPC
2023-10-13,4360.49,4377.10,4311.97,4327.78,3566560000,^GSPC
2023-10-16,4342.37,4383.33,4342.37,4373.63,3409960000,^GSPC
2023-10-17,4345.23,4393.57,4337.54,4373.20,3794850000,^GSPC
2023-10-18,4357.35,4364.20,4303.84,4314.60,3686030000,^GSPC
2023-10-19,4321.36,4339.54,4269.69,4278.00,3969730000,^GSPC
2023-10-20,4273.85,4276.56,4223.03,4224.16,4004030000,^GSPC
2023-10-23,4210.40,4255.84,4189.22,4217.04,3776100000,^GSPC
2023-10-24,4235.79,4259.38,4219.43,4247.68,3821820000,^GSPC
2023-10-25,4232.42,4232.42,4181.42,4186.77,3869370000,^GSPC
2023-10-26,4175.99,4183.60,4127.90,4137.23,4277640000,^GSPC
2023-10-27,4152.93,4156.70,4103.78,4117.37,4019500000,^GSPC
2023-10-30,4139.39,4177.47,4132.94,4166.82,3911140000,^GSPC
2023-10-31,4171.33,4195.55,4153.12,4193.80,4249470000,^GSPC
2023-11-01,4201.27,4245.64,4197.74,4237.86,4224900000,^GSPC
2023-11-02,4268.26,4319.72,4268.26,4317.78,4669780000,^GSPC
2023-11-03,4334.23,4373.62,4334.23,4358.34,4570960000,^GSPC
2023-11-06,4364.27,4372.21,4347.53,4365.98,3656340000,^GSPC
2023-11-07,4366.21,4386.26,4355.41,4378.38,3791230000,^GSPC
2023-11-08,4384.37,4391.20,4359.76,4382.78,3729510000,^GSPC
2023-11-09,4391.41,4393.40,4343.94,4347.35,3900780000,^GSPC
2023-11-10,4364.15,4418.03,4353.34,4415.24,3665080000,^GSPC
2023-11-13,4406.66,4421.76,4393.82,4411.55,3326240000,^GSPC
2023-11-14,4458.97,4508.67,4458.97,4495.70,4700350000,^GSPC
2023-11-15,4505.30,4521.17,4495.31,4502.88,4347170000,^GSPC
2023-11-16,4497.08,4511.99,4487.83,4508.24,3964520000,^GSPC
2023-11-17,4509.55,4520.12,4499.66,4514.02,3777240000,^GSPC
2023-11-20,4511.70,4557.11,4510.36,4547.38,3644790000,^GSPC
2023-11-21,4538.77,4542.14,4525.51,4538.19,3511080000,^GSPC
2023-11-22,4553.04,4568.43,4545.05,4556.62,3042810000,^GSPC
2023-11-24,4555.84,4560.31,4552.80,4559.34,1639500000,^GSPC
2023-11-27,4554.86,4560.52,4546.32,4550.43,3403990000,^GSPC
2023-11-28,4545.55,4568.14,4540.51,4554.89,3586240000,^GSPC
2023-11-29,4571.84,4587.64,4547.15,4550.58,4418760000,^GSPC
2023-11-30,4554.87,4569.89,4537.24,4567.80,5399300000,^GSPC
2023-12-01,4559.43,4599.39,4554.71,4594.63,4397120000,^GSPC
2023-12-04,4564.37,4572.37,4546.72,4569.78,4369910000,^GSPC
2023-12-05,4557.25,4578.56,4551.68,4567.18,3909950000,^GSPC
2023-12-06,4586.23,4590.74,4546.50,4549.34,4245680000,^GSPC
2023-12-07,4568.84,4590.92,4565.22,4585.59,3818880000,^GSPC
2023-12-08,4576.20,4609.23,4574.06,4604.37,3707010000,^GSPC
2023-12-11,4593.39,4623.71,4593.39,4622.44,3823210000,^GSPC
2023-12-12,4618.30,4643.93,4608.09,4643.70,3808380000,^GSPC
2023-12-13,4646.20,4709.69,4643.23,4707.09,5063650000,^GSPC
2023-12-14,4721.04,4738.57,4694.34,4719.55,6314040000,^GSPC
2023-12-15,4714.23,4725.53,4704.69,4719.19,8218980000,^GSPC
2023-12-18,4725.58,4749.52,4725.58,4740.56,4060340000,^GSPC
2023-12-19,4743.72,4768.69,4743.72,4768.37,4026970000,^GSPC
2023-12-20,4764.73,4778.01,4697.82,4698.35,4201320000,^GSPC
2023-12-21,4724.29,4748.71,4708.35,4746.75,3431180000,^GSPC
2023-12-22,4753.92,4772.94,4736.77,4754.63,3046770000,^GSPC
2023-12-26,4758.86,4784.72,4758.45,4774.75,2513910000,^GSPC
2023-12-27,4773.45,4785.39,4768.90,4781.58,2748450000,^GSPC
2023-12-28,4786.44,4793.30,4780.98,4783.35,2698860000,^GSPC
2023-12-29,4782.88,4788.43,4751.99,4769.83,3126060000,^GSPC
2024-01-02,4745.20,4754.33,4722.67,4742.83,3743050000,^GSPC
2024-01-03,4725.07,4729.29,4699.71,4704.81,3950760000,^GSPC
2024-01-04,4697.42,4726.78,4687.53,4688.68,3715480000,^GSPC
2024-01-05,4690.57,4721.49,4682.11,4697.24,3844370000,^GSPC
2024-01-08,4703.70,4764.54,4699.82,4763.54,3742320000,^GSPC
2024-01-09,4741.93,4765.47,4730.35,4756.50,3529960000,^GSPC
2024-01-10,4759.94,4790.80,4756.20,4783.45,3498680000,^GSPC
2024-01-11,4792.13,4798.50,4739.58,4780.24,3759890000,^GSPC
2024-01-12,4791.18,4802.40,4768.98,4783.83,3486340000,^GSPC
2024-01-16,4772.35,4782.34,4747.12,4765.98,4260550000,^GSPC
2024-01-17,4739.13,4744.23,4714.82,4739.21,3928600000,^GSPC
2024-01-18,4760.10,4785.79,4740.57,4780.94,4019000000,^GSPC
2024-01-19,4796.28,4842.07,4785.87,4839.81,4287200000,^GSPC
2024-01-22,4853.42,4868.41,4844.05,4850.43,4297610000,^GSPC
2024-01-23,4856.80,4866.48,4844.37,4864.60,3912800000,^GSPC
2024-01-24,4888.56,4903.68,4865.94,4868.55,4330030000,^GSPC
2024-01-25,4886.66,4898.15,4869.34,4894.16,4020430000,^GSPC
2024-01-26,4888.91,4906.69,4881.47,4890.97,3353400000,^GSPC
2024-01-29,4892.95,4929.31,4887.40,4927.93,3525160000,^GSPC
2024-01-30,4925.89,4931.09,4916.27,4924.97,3836130000,^GSPC
2024-01-31,4899.19,4906.75,4845.15,4845.65,4696120000,^GSPC
2024-02-01,4861.11,4906.97,4853.52,4906.19,4386090000,^GSPC
2024-02-02,4916.06,4975.29,4907.99,4958.61,3974350000,^GSPC
2024-02-05,4957.19,4957.19,4918.09,4942.81,4023640000,^GSPC
2024-02-06,4950.16,4957.77,4934.88,4954.23,4440880000,^GSPC
2024-02-07,4973.05,4999.89,4969.05,4995.06,4895590000,^GSPC
2024-02-08,4995.16,5000.40,4987.09,4997.91,4341860000,^GSPC
2024-02-09,5004.17,5030.06,5000.34,5026.61,3912990000,^GSPC
2024-02-12,5026.83,5048.39,5016.83,5021.84,3805740000,^GSPC
2024-02-13,4967.94,4971.30,4920.31,4953.17,4302190000,^GSPC
2024-02-14,4976.44,5002.52,4956.45,5000.62,3845600000,^GSPC
2024-02-15,5003.14,5032.72,4999.44,5029.73,4137970000,^GSPC
2024-02-16,5031.13,5038.70,4999.52,5005.57,3833270000,^GSPC
2024-02-20,4989.32,4993.71,4955.02,4975.51,4034880000,^GSPC
2024-02-21,4963.03,4983.21,4946.00,4981.80,3788390000,^GSPC
2024-02-22,5038.83,5094.39,5038.83,5087.03,4051710000,^GSPC
2024-02-23,5100.92,5111.06,5081.46,5088.80,3672790000,^GSPC
2024-02-26,5093.00,5097.66,5068.91,5069.53,3683930000,^GSPC
2024-02-27,5074.60,5080.69,5057.29,5078.18,3925950000,^GSPC
2024-02-28,5067.20,5077.37,5058.35,5069.76,3789370000,^GSPC
2024-02-29,5085.36,5104.99,5061.89,5096.27,5219740000,^GSPC
2024-03-01,5098.51,5140.33,5094.16,5137.08,4748110000,^GSPC
2024-03-04,5130.99,5149.67,5127.18,5130.95,4758440000,^GSPC
2024-03-05,5110.52,5114.54,5056.82,5078.65,4418410000,^GSPC
2024-03-06,5108.03,5127.97,5092.22,5104.76,4559050000,^GSPC
2024-03-07,5132.38,5165.62,5128.21,5157.36,4137980000,^GSPC
2024-03-08,5164.46,5189.26,5117.50,5123.69,4208870000,^GSPC
2024-03-11,5111.96,5124.66,5091.14,5117.94,3896430000,^GSPC
2024-03-12,5134.30,5179.87,5114.48,5175.27,4080510000,^GSPC
2024-03-13,5173.49,5179.14,5151.88,5165.31,4282890000,^GSPC
2024-03-14,5175.14,5176.85,5123.30,5150.48,4687970000,^GSPC
2024-03-15,5123.31,5136.86,5104.35,5117.09,7753670000,^GSPC
2024-03-18,5154.77,5175.60,5145.47,5149.42,4036220000,^GSPC
2024-03-19,5139.09,5180.31,5131.59,5178.51,4031760000,^GSPC
2024-03-20,5181.69,5226.19,5171.55,5224.62,4064850000,^GSPC
2024-03-21,5253.43,5261.10,5240.66,5241.53,4207730000,^GSPC
2024-03-22,5242.48,5246.09,5229.87,5234.18,3374700000,^GSPC
2024-03-25,5219.52,5229.09,5216.09,5218.19,3331360000,^GSPC
2024-03-26,5228.85,5235.16,5203.42,5203.58,3871790000,^GSPC
2024-03-27,5226.31,5249.26,5213.92,5248.49,3850500000,^GSPC
2024-03-28,5248.03,5264.85,5245.82,5254.35,3998270000,^GSPC
2024-04-01,5257.97,5263.95,5229.20,5243.77,3325930000,^GSPC
2024-04-02,5204.29,5208.34,5184.05,5205.81,3886590000,^GSPC
2024-04-03,5194.37,5228.75,5194.37,5211.49,3703250000,^GSPC
2024-04-04,5244.05,5256.59,5146.06,5147.21,4075680000,^GSPC
2024-04-05,5158.95,5222.18,5157.21,5204.34,3386780000,^GSPC
2024-04-08,5211.37,5219.57,5197.35,5202.39,3278180000,^GSPC
2024-04-09,5217.03,5224.81,5160.78,5209.91,3400680000,^GSPC
2024-04-10,5167.88,5178.43,5138.70,5160.64,3845930000,^GSPC
2024-04-11,5172.95,5211.78,5138.77,5199.06,3509380000,^GSPC
2024-04-12,5171.51,5175.03,5107.94,5123.41,3963220000,^GSPC
2024-04-15,5149.67,5168.43,5052.47,5061.82,3950210000,^GSPC
2024-04-16,5064.59,5079.84,5039.83,5051.41,4006200000,^GSPC
2024-04-17,5068.97,5077.96,5007.25,5022.21,3596130000,^GSPC
2024-04-18,5031.52,5056.66,5001.89,5011.12,3619760000,^GSPC
2024-04-19,5005.44,5019.02,4953.56,4967.23,3878750000,^GSPC
2024-04-22,4987.33,5038.84,4969.40,5010.60,3820250000,^GSPC
2024-04-23,5028.85,5076.12,5027.96,5070.55,3751400000,^GSPC
2024-04-24,5084.86,5089.48,5047.02,5071.63,3656740000,^GSPC
2024-04-25,5019.88,5057.75,4990.58,5048.42,3958050000,^GSPC
2024-04-26,5084.65,5114.62,5073.14,5099.96,3604140000,^GSPC
2024-04-29,5114.13,5123.49,5088.65,5116.17,3447450000,^GSPC
2024-04-30,5103.78,5110.83,5035.31,5035.69,4082470000,^GSPC
2024-05-01,5029.03,5096.12,5013.45,5018.39,4544170000,^GSPC
2024-05-02,5049.32,5073.21,5011.05,5064.20,4381660000,^GSPC
2024-05-03,5122.78,5139.12,5101.22,5127.79,3924990000,^GSPC
2024-05-06,5142.42,5181.00,5142.42,5180.74,3683250000,^GSPC
2024-05-07,5187.20,5200.23,5178.96,5187.70,3987890000,^GSPC
2024-05-08,5168.98,5191.95,5165.86,5187.67,3842100000,^GSPC
2024-05-09,5189.03,5215.30,5180.41,5214.08,3727370000,^GSPC
2024-05-10,5225.49,5239.66,5209.68,5222.68,3617900000,^GSPC
2024-05-13,5233.08,5237.26,5211.16,5221.42,4255710000,^GSPC
2024-05-14,5221.10,5250.37,5217.98,5246.68,4763580000,^GSPC
2024-05-15,5263.26,5311.76,5263.26,5308.15,4360810000,^GSPC
2024-05-16,5310.07,5325.49,5296.19,5297.10,3817470000,^GSPC
2024-05-17,5303.10,5305.45,5283.59,5303.27,3578120000,^GSPC
2024-05-20,5305.35,5325.32,5302.40,5308.13,3420100000,^GSPC
2024-05-21,5298.69,5324.32,5297.87,5321.41,3662240000,^GSPC
2024-05-22,5319.28,5323.18,5286.01,5307.01,3847130000,^GSPC
2024-05-23,5340.26,5341.88,5256.93,5267.84,3869520000,^GSPC
2024-05-24,5281.45,5311.65,5278.39,5304.72,3005510000,^GSPC
2024-05-28,5315.91,5315.91,5280.89,5306.04,3751540000,^GSPC
2024-05-29,5278.73,5282.27,5262.70,5266.95,3552750000,^GSPC
2024-05-30,5259.77,5260.21,5222.10,5235.48,3818750000,^GSPC
2024-05-31,5243.21,5280.33,5191.68,5277.51,5437160000,^GSPC
2024-06-03,5297.15,5302.11,5234.32,5283.40,4046920000,^GSPC
2024-06-04,5278.24,5298.80,5257.63,5291.34,3707900000,^GSPC
2024-06-05,5314.48,5354.16,5297.64,5354.03,3591460000,^GSPC
2024-06-06,5357.80,5362.35,5335.36,5352.96,3609990000,^GSPC
2024-06-07,5343.81,5375.08,5331.33,5346.99,3692760000,^GSPC
2024-06-10,5341.22,5365.79,5331.52,5360.79,3622280000,^GSPC
2024-06-11,5353.00,5375.95,5327.25,5375.32,3568030000,^GSPC
2024-06-12,5409.13,5447.25,5409.13,5421.03,3962840000,^GSPC
2024-06-13,5441.93,5441.93,5402.51,5433.74,3530380000,^GSPC
2024-06-14,5424.08,5432.39,5403.75,5431.60,3438650000,^GSPC
2024-06-17,5431.11,5488.50,5420.40,5473.23,3447840000,^GSPC
2024-06-18,5476.15,5490.38,5471.32,5487.03,3544330000,^GSPC
2024-06-20,5499.99,5505.53,5455.56,5473.17,3847060000,^GSPC
2024-06-21,5466.77,5478.31,5452.03,5464.62,6773800000,^GSPC
2024-06-24,5459.58,5490.66,5447.59,5447.87,3696750000,^GSPC
2024-06-25,5460.73,5472.88,5446.56,5469.30,3591960000,^GSPC
2024-06-26,5460.71,5483.14,5451.87,5477.90,3563920000,^GSPC
2024-06-27,5473.59,5490.81,5467.54,5482.87,3589530000,^GSPC
2024-06-28,5488.48,5523.64,5451.12,5460.48,7199220000,^GSPC
2024-07-01,5471.08,5479.55,5446.53,5475.09,3488760000,^GSPC
2024-07-02,5461.84,5509.69,5458.43,5509.01,3329950000,^GSPC
2024-07-03,5507.44,5539.27,5507.42,5537.02,2179470000,^GSPC
2024-07-05,5537.91,5570.33,5531.63,5567.19,3253080000,^GSPC
2024-07-08,5572.75,5583.11,5562.51,5572.85,3185670000,^GSPC
2024-07-09,5584.24,5590.75,5574.57,5576.98,3232920000,^GSPC
2024-07-10,5591.26,5635.39,5586.44,5633.91,3336100000,^GSPC
2024-07-11,5635.21,5642.45,5576.53,5584.54,4020950000,^GSPC
2024-07-12,5590.76,5655.56,5590.44,5615.35,3700280000,^GSPC
2024-07-15,5638.16,5666.94,5614.75,5631.22,3620470000,^GSPC
2024-07-16,5644.09,5669.67,5639.02,5667.20,4041760000,^GSPC
2024-07-17,5610.07,5622.49,5584.81,5588.27,4246450000,^GSPC
2024-07-18,5608.56,5614.05,5522.81,5544.59,4007510000,^GSPC
2024-07-19,5543.37,5557.50,5497.04,5505.00,3760570000,^GSPC
2024-07-22,5544.54,5570.36,5529.04,5564.41,3375180000,^GSPC
2024-07-23,5565.30,5585.34,5550.90,5555.74,3500210000,^GSPC
2024-07-24,5505.84,5508.04,5419.98,5427.13,3945550000,^GSPC
2024-07-25,5428.70,5491.59,5390.95,5399.22,4592120000,^GSPC
2024-07-26,5433.67,5488.32,5430.70,5459.10,3638770000,^GSPC
2024-07-29,5476.55,5487.74,5444.44,5463.54,3379970000,^GSPC
2024-07-30,5478.73,5489.46,5401.70,5436.44,3777740000,^GSPC
2024-07-31,5505.59,5551.51,5493.75,5522.30,4546910000,^GSPC
2024-08-01,5537.84,5566.16,5410.42,5446.68,4703620000,^GSPC
2024-08-02,5376.63,5383.89,5302.03,5346.56,5156450000,^GSPC
2024-08-05,5151.14,5250.89,5119.26,5186.33,5333250000,^GSPC
2024-08-06,5206.42,5312.34,5193.56,5240.03,4690190000,^GSPC
2024-08-07,5293.13,5330.64,5195.54,5199.50,4558260000,^GSPC
2024-08-08,5252.57,5328.03,5233.85,5319.31,4016830000,^GSPC
2024-08-09,5314.66,5358.67,5300.84,5344.16,3516400000,^GSPC
2024-08-12,5351.88,5371.20,5324.37,5344.39,3360160000,^GSPC
2024-08-13,5376.98,5436.50,5376.98,5434.43,3648980000,^GSPC
2024-08-14,5442.36,5463.22,5415.91,5455.21,3380050000,^GSPC
2024-08-15,5501.13,5546.23,5501.13,5543.22,3723310000,^GSPC
2024-08-16,5530.50,5561.98,5525.17,5554.25,3357690000,^GSPC
2024-08-19,5557.23,5608.30,5550.74,5608.25,3222050000,^GSPC
2024-08-20,5602.88,5620.51,5585.50,5597.12,2994420000,^GSPC
2024-08-21,5603.09,5632.68,5591.57,5620.85,3119670000,^GSPC
2024-08-22,5637.77,5643.22,5560.95,5570.64,2981530000,^GSPC
2024-08-23,5602.49,5641.82,5585.16,5634.61,3291940000,^GSPC
2024-08-26,5639.66,5651.62,5602.34,5616.84,2938570000,^GSPC
2024-08-27,5602.89,5631.18,5593.48,5625.80,2798990000,^GSPC
2024-08-28,5624.51,5627.03,5560.95,5592.18,3053450000,^GSPC
2024-08-29,5607.30,5646.95,5583.71,5591.96,3065640000,^GSPC
2024-08-30,5612.74,5651.37,5581.79,5648.40,4185850000,^GSPC
2024-09-03,5623.89,5623.89,5504.33,5528.93,3866350000,^GSPC
2024-09-04,5506.68,5552.99,5503.66,5520.07,3478140000,^GSPC
2024-09-05,5520.08,5546.30,5480.54,5503.41,3521650000,^GSPC
2024-09-06,5507.33,5522.47,5402.62,5408.42,3822800000,^GSPC
2024-09-09,5442.07,5484.20,5434.49,5471.05,3825940000,^GSPC
2024-09-10,5490.51,5497.91,5441.72,5495.52,3848180000,^GSPC
2024-09-11,5496.42,5560.41,5406.96,5554.13,3839450000,^GSPC
2024-09-12,5557.48,5600.71,5535.50,5595.76,3655070000,^GSPC
2024-09-13,5603.34,5636.27,5601.65,5626.02,3500790000,^GSPC
2024-09-16,5615.21,5636.05,5604.53,5633.09,3437070000,^GSPC
2024-09-17,5655.51,5670.81,5614.05,5634.58,3443600000,^GSPC
2024-09-18,5641.68,5689.75,5615.08,5618.26,3691390000,^GSPC
2024-09-19,5702.63,5733.57,5686.42,5713.64,4024530000,^GSPC
2024-09-20,5709.64,5715.14,5674.49,5702.55,7867260000,^GSPC
2024-09-23,5711.90,5725.36,5704.22,5718.57,3529550000,^GSPC
2024-09-24,5727.66,5735.32,5698.99,5732.93,3872710000,^GSPC
2024-09-25,5733.65,5741.03,5712.06,5722.26,3624910000,^GSPC
2024-09-26,5762.22,5767.37,5721.01,5745.37,4391180000,^GSPC
2024-09-27,5755.36,5763.78,5727.34,5738.17,3898530000,^GSPC
2024-09-30,5726.52,5765.14,5703.53,5762.48,4425730000,^GSPC
2024-10-01,5757.73,5757.73,5681.28,5708.75,4025180000,^GSPC
2024-10-02,5698.14,5719.63,5674.00,5709.54,3829050000,^GSPC
2024-10-03,5698.19,5718.78,5677.37,5699.94,3597450000,^GSPC
2024-10-04,5737.48,5753.21,5702.83,5751.07,3479400000,^GSPC
2024-10-07,5737.80,5739.34,5686.85,5695.94,3637790000,^GSPC
2024-10-08,5719.14,5757.60,5714.56,5751.13,3393400000,^GSPC
2024-10-09,5751.80,5796.80,5745.02,5792.04,3650340000,^GSPC
2024-10-10,5778.36,5795.03,5764.76,5780.05,3208790000,^GSPC
2024-10-11,5775.09,5822.13,5775.09,5815.03,3208720000,^GSPC
2024-10-14,5829.81,5871.41,5829.57,5859.85,3005250000,^GSPC
2024-10-15,5866.74,5870.36,5804.48,5815.26,3882120000,^GSPC
2024-10-16,5816.58,5846.52,5808.34,5842.47,3467230000,^GSPC
2024-10-17,5875.62,5878.46,5840.25,5841.47,3480010000,^GSPC
2024-10-18,5859.43,5872.17,5846.11,5864.67,3374490000,^GSPC
2024-10-21,5857.82,5866.92,5824.79,5853.98,3407010000,^GSPC
2024-10-22,5832.70,5863.04,5821.17,5851.20,3342080000,^GSPC
2024-10-23,5834.50,5834.85,5762.41,5797.42,3532650000,^GSPC
2024-10-24,5817.80,5817.80,5784.92,5809.86,3543030000,^GSPC
2024-10-25,5826.75,5862.82,5799.98,5808.12,3501280000,^GSPC
2024-10-28,5833.93,5842.92,5823.08,5823.52,3691280000,^GSPC
2024-10-29,5819.68,5847.19,5802.17,5832.92,3879100000,^GSPC
2024-10-30,5832.65,5850.94,5811.28,5813.67,3851120000,^GSPC
2024-10-31,5775.34,5775.34,5702.86,5705.45,4425660000,^GSPC
2024-11-01,5723.22,5772.52,5723.22,5728.80,3796450000,^GSPC
2024-11-04,5725.15,5741.43,5696.51,5712.69,3602060000,^GSPC
2024-11-05,5722.43,5783.44,5722.10,5782.76,3768310000,^GSPC
2024-11-06,5864.89,5936.14,5864.89,5929.04,6329530000,^GSPC
2024-11-07,5947.21,5983.84,5947.21,5973.10,4925740000,^GSPC
2024-11-08,5976.76,6012.45,5976.76,5995.54,4666740000,^GSPC
2024-11-11,6008.86,6017.31,5986.69,6001.35,4333000000,^GSPC
2024-11-12,6003.60,6009.92,5960.08,5983.99,4243400000,^GSPC
2024-11-13,5985.75,6008.19,5965.91,5985.38,4220180000,^GSPC
2024-11-14,5989.68,5993.88,5942.28,5949.17,4184570000,^GSPC
2024-11-15,5912.79,5915.32,5853.01,5870.62,4590960000,^GSPC
2024-11-18,5874.17,5908.12,5865.95,5893.62,3983860000,^GSPC
2024-11-19,5870.05,5923.51,5855.29,5916.98,4036940000,^GSPC
2024-11-20,5914.34,5920.67,5860.56,5917.11,3772620000,^GSPC
2024-11-21,5940.58,5963.32,5887.26,5948.71,4230120000,^GSPC
2024-11-22,5944.36,5972.90,5944.36,5969.34,4141420000,^GSPC
2024-11-25,5992.28,6020.75,5963.91,5987.37,5633150000,^GSPC
2024-11-26,6000.03,6025.42,5992.27,6021.63,3835170000,^GSPC
2024-11-27,6014.11,6020.16,5984.87,5998.74,3363340000,^GSPC
2024-11-29,6003.98,6044.17,6003.98,6032.38,2444420000,^GSPC
2024-12-02,6040.11,6053.58,6035.33,6047.15,4412470000,^GSPC
2024-12-03,6042.97,6052.07,6033.39,6049.88,4095000000,^GSPC
2024-12-04,6069.39,6089.84,6061.06,6086.49,4003390000,^GSPC
2024-12-05,6089.03,6094.55,6072.90,6075.11,4212020000,^GSPC
2024-12-06,6081.38,6099.97,6079.98,6090.27,3924830000,^GSPC
2024-12-09,6083.01,6088.51,6048.63,6052.85,4556460000,^GSPC
2024-12-10,6057.59,6065.40,6029.89,6034.91,4048410000,^GSPC
2024-12-11,6060.15,6092.59,6060.15,6084.19,4269950000,^GSPC
2024-12-12,6074.29,6079.68,6051.25,6051.25,3678010000,^GSPC
2024-12-13,6068.17,6078.58,6035.77,6051.09,3584960000,^GSPC
2024-12-16,6063.79,6085.19,6059.14,6074.08,4391100000,^GSPC
2024-12-17,6052.55,6057.68,6035.19,6050.61,4544500000,^GSPC
2024-12-18,6047.65,6070.67,5867.79,5872.16,5246960000,^GSPC
2024-12-19,5912.71,5935.52,5866.07,5867.08,4896880000,^GSPC
2024-12-20,5842.00,5982.06,5832.30,5930.85,8223220000,^GSPC
2024-12-23,5940.25,5978.25,5902.57,5974.07,3593280000,^GSPC
2024-12-24,5984.63,6040.10,5981.44,6040.04,1757720000,^GSPC
2024-12-26,6024.97,6049.75,6007.37,6037.59,2904530000,^GSPC
2024-12-27,6006.17,6006.17,5932.95,5970.84,3159610000,^GSPC
2024-12-30,5920.67,5940.79,5869.16,5906.94,3433250000,^GSPC
2024-12-31,5919.74,5929.74,5868.86,5881.63,3128350000,^GSPC
2025-01-02,5903.26,5935.09,5829.53,5868.55,3621680000,^GSPC
2025-01-03,5891.07,5949.34,5888.66,5942.47,3667340000,^GSPC
2025-01-06,5982.81,6021.04,5960.01,5975.38,4940120000,^GSPC
2025-01-07,5993.26,6000.68,5890.68,5909.03,4517330000,^GSPC
2025-01-08,5910.66,5927.89,5874.78,5918.25,4441740000,^GSPC
2025-01-10,5890.35,5890.35,5807.78,5827.04,4751930000,^GSPC
2025-01-13,5782.02,5838.61,5773.31,5836.22,4421200000,^GSPC
2025-01-14,5859.27,5871.92,5805.42,5842.91,4142280000,^GSPC
2025-01-15,5905.21,5960.61,5905.21,5949.91,4544570000,^GSPC
2025-01-16,5963.61,5964.69,5930.72,5937.34,4285810000,^GSPC
2025-01-17,5995.40,6014.96,5978.44,5996.66,4366830000,^GSPC
2025-01-21,6014.12,6051.51,6006.88,6049.24,4702920000,^GSPC
2025-01-22,6081.39,6100.81,6076.13,6086.37,4323040000,^GSPC
2025-01-23,6076.32,6118.73,6074.67,6118.71,4432250000,^GSPC
2025-01-24,6121.43,6128.18,6088.74,6101.24,4214250000,^GSPC
2025-01-27,5969.04,6017.17,5962.92,6012.28,5198750000,^GSPC
2025-01-28,6026.97,6074.54,5994.63,6067.70,4473640000,^GSPC
2025-01-29,6057.70,6062.83,6012.96,6039.31,4115310000,^GSPC
2025-01-30,6050.75,6086.64,6027.46,6071.17,4634620000,^GSPC
2025-01-31,6096.79,6120.91,6030.93,6040.53,4843770000,^GSPC
2025-02-03,5969.65,6022.13,5923.93,5994.57,4797210000,^GSPC
2025-02-04,5998.14,6042.48,5990.87,6037.88,4410160000,^GSPC
2025-02-05,6020.45,6062.86,6007.06,6061.48,4756250000,^GSPC
2025-02-06,6072.22,6084.03,6046.83,6083.57,4847120000,^GSPC
2025-02-07,6083.13,6101.28,6019.96,6025.99,4766900000,^GSPC
2025-02-10,6046.40,6073.38,6044.84,6066.44,4458760000,^GSPC
2025-02-11,6049.32,6076.28,6042.34,6068.50,4324880000,^GSPC
2025-02-12,6025.08,6063.00,6003.00,6051.97,4627960000,^GSPC
2025-02-13,6060.59,6116.91,6050.95,6115.07,4763800000,^GSPC
2025-02-14,6115.52,6127.47,6107.62,6114.63,4335190000,^GSPC
2025-02-18,6121.60,6129.63,6099.51,6129.58,4684980000,^GSPC
2025-02-19,6117.76,6147.43,6111.15,6144.15,4562330000,^GSPC
2025-02-20,6134.50,6134.50,6084.59,6117.52,4813690000,^GSPC
2025-02-21,6114.10,6114.82,6008.56,6013.13,5434560000,^GSPC
2025-02-24,6026.69,6043.65,5977.83,5983.25,4990120000,^GSPC
2025-02-25,5982.73,5992.65,5908.49,5955.25,5374690000,^GSPC
2025-02-26,5970.87,6009.82,5932.69,5956.06,4869580000,^GSPC
2025-02-27,5981.88,5993.69,5858.78,5861.57,5057680000,^GSPC
2025-02-28,5856.74,5959.40,5837.66,5954.50,6441140000,^GSPC
2025-03-03,5968.33,5986.09,5810.91,5849.72,5613850000,^GSPC
2025-03-04,5811.98,5865.08,5732.59,5778.15,6138110000,^GSPC
2025-03-05,5781.36,5860.59,5742.35,5842.63,5285970000,^GSPC
2025-03-06,5785.87,5812.08,5711.64,5738.52,5165080000,^GSPC
2025-03-07,5726.01,5783.01,5666.29,5770.20,5705140000,^GSPC
2025-03-10,5705.37,5705.37,5564.02,5614.56,6409370000,^GSPC
2025-03-11,5603.65,5636.30,5528.41,5572.07,6221240000,^GSPC
2025-03-12,5624.84,5642.19,5546.09,5599.30,5219830000,^GSPC
2025-03-13,5594.45,5597.78,5504.65,5521.52,5018980000,^GSPC
2025-03-14,5563.85,5645.27,5563.85,5638.94,4863180000,^GSPC
2025-03-17,5635.60,5703.52,5631.12,5675.12,5031770000,^GSPC
2025-03-18,5654.53,5654.53,5597.76,5614.66,4666270000,^GSPC
2025-03-19,5632.37,5715.33,5622.20,5675.29,4660090000,^GSPC
2025-03-20,5646.92,5711.15,5632.33,5662.89,4678420000,^GSPC
2025-03-21,5630.73,5670.84,5603.10,5667.56,9367460000,^GSPC
2025-03-24,5718.08,5775.14,5718.08,5767.57,4517990000,^GSPC
2025-03-25,5775.96,5786.95,5760.42,5776.65,4467340000,^GSPC
2025-03-26,5771.66,5783.62,5694.41,5712.20,4183140000,^GSPC
2025-03-27,5695.64,5732.28,5670.94,5693.31,4403460000,^GSPC
2025-03-28,5679.20,5685.89,5572.42,5580.94,4513330000,^GSPC
2025-03-31,5527.91,5627.56,5488.73,5611.85,5257250000,^GSPC
2025-04-01,5597.53,5650.57,5558.52,5633.07,4434500000,^GSPC
2025-04-02,5580.76,5695.31,5571.48,5670.97,4243830000,^GSPC
2025-04-03,5492.74,5499.53,5390.83,5396.52,7210470000,^GSPC
2025-04-04,5292.14,5292.14,5069.90,5074.08,8853500000,^GSPC
2025-04-07,4953.79,5246.57,4835.04,5062.25,8691980000,^GSPC
2025-04-08,5193.57,5267.47,4910.42,4982.77,7408140000,^GSPC
2025-04-09,4965.28,5481.34,4948.43,5456.90,9489600000,^GSPC
2025-04-10,5353.15,5353.15,5115.27,5268.05,6677140000,^GSPC
2025-04-11,5255.56,5381.46,5220.77,5363.36,5602550000,^GSPC
2025-04-14,5441.96,5459.46,5358.02,5405.97,5031440000,^GSPC
2025-04-15,5411.99,5450.41,5386.44,5396.63,4317110000,^GSPC
2025-04-16,5335.75,5367.24,5220.79,5275.70,4607750000,^GSPC
2025-04-17,5305.45,5328.31,5255.58,5282.70,4714880000,^GSPC
2025-04-21,5232.94,5232.94,5101.63,5158.20,4226340000,^GSPC
2025-04-22,5207.67,5309.61,5207.67,5287.76,4666950000,^GSPC
2025-04-23,5395.92,5469.69,5356.17,5375.86,5371390000,^GSPC
2025-04-24,5381.38,5489.40,5371.96,5484.77,4697710000,^GSPC
2025-04-25,5489.73,5528.11,5455.86,5525.21,4236580000,^GSPC
2025-04-28,5529.22,5553.66,5468.64,5528.75,4257880000,^GSPC
2025-04-29,5508.87,5571.95,5505.70,5560.83,4747150000,^GSPC
2025-04-30,5499.44,5581.84,5433.24,5569.06,5449490000,^GSPC
2025-05-01,5625.14,5658.91,5597.35,5604.14,4935270000,^GSPC
2025-05-02,5645.88,5700.70,5642.28,5686.67,4854380000,^GSPC
2025-05-05,5655.32,5683.38,5634.48,5650.38,4358260000,^GSPC
2025-05-06,5605.87,5649.58,5586.04,5606.91,4717260000,^GSPC
2025-05-07,5614.18,5654.73,5578.64,5631.28,4987440000,^GSPC
2025-05-08,5663.60,5720.10,5635.38,5663.94,5627400000,^GSPC
2025-05-09,5679.65,5691.69,5644.15,5659.91,4645090000,^GSPC
2025-05-12,5807.20,5845.37,5786.08,5844.19,6014580000,^GSPC
2025-05-13,5854.15,5906.64,5845.02,5886.55,5516290000,^GSPC
2025-05-14,5896.74,5906.55,5872.11,5892.58,5233450000,^GSPC
2025-05-15,5869.82,5924.21,5865.16,5916.93,4991290000,^GSPC
2025-05-16,5929.09,5958.62,5907.36,5958.38,4850850000,^GSPC
2025-05-19,5902.88,5968.61,5895.69,5963.60,4144010000,^GSPC
2025-05-20,5944.66,5953.06,5909.26,5940.46,4416850000,^GSPC
2025-05-21,5910.18,5938.37,5830.91,5844.61,5254250000,^GSPC
2025-05-22,5841.26,5878.08,5825.82,5842.01,5157050000,^GSPC
2025-05-23,5781.89,5829.51,5767.41,5802.82,4662820000,^GSPC
2025-05-27,5854.07,5924.33,5854.07,5921.54,5366380000,^GSPC
2025-05-28,5925.54,5939.92,5881.88,5888.55,4665050000,^GSPC
2025-05-29,5939.96,5943.13,5873.80,5912.17,4569750000,^GSPC
2025-05-30,5903.67,5922.14,5843.66,5911.69,6378540000,^GSPC
2025-06-02,5896.68,5937.40,5861.43,5935.94,4832240000,^GSPC
2025-06-03,5938.56,5981.35,5929.00,5970.37,5026680000,^GSPC
2025-06-04,5978.94,5990.48,5966.11,5970.81,4767050000,^GSPC
2025-06-05,5985.67,5999.70,5921.20,5939.30,5091850000,^GSPC
2025-06-06,5987.06,6016.87,5978.63,6000.36,4355710000,^GSPC
2025-06-09,6004.63,6021.31,5994.18,6005.88,4642360000,^GSPC
2025-06-10,6009.91,6043.01,6000.28,6038.81,4882880000,^GSPC
2025-06-11,6049.38,6059.40,6002.32,6022.24,5111550000,^GSPC
2025-06-12,6009.90,6045.43,6003.88,6045.26,4669500000,^GSPC
2025-06-13,6000.56,6026.16,5963.21,5976.97,5258910000,^GSPC
2025-06-16,6004.00,6050.83,6004.00,6033.11,5111710000,^GSPC
2025-06-17,6012.15,6023.25,5974.80,5982.72,4955700000,^GSPC
2025-06-18,5987.93,6018.25,5971.89,5980.87,5106470000,^GSPC
2025-06-20,5999.67,6018.20,5952.56,5967.84,7451500000,^GSPC
2025-06-23,5969.67,6028.77,5943.23,6025.17,5597000000,^GSPC
2025-06-24,6061.21,6101.76,6059.25,6092.18,5443690000,^GSPC
2025-06-25,6104.23,6108.51,6080.09,6092.16,5171110000,^GSPC
2025-06-26,6112.09,6146.52,6107.27,6141.02,5308140000,^GSPC
2025-06-27,6150.70,6187.68,6132.35,6173.07,7889350000,^GSPC
2025-06-30,6193.36,6215.08,6174.97,6204.95,5782900000,^GSPC
2025-07-01,6187.25,6210.78,6177.97,6198.01,6275310000,^GSPC
2025-07-02,6193.88,6227.60,6188.29,6227.42,5645710000,^GSPC
2025-07-03,6246.46,6284.65,6246.46,6279.35,3378110000,^GSPC
2025-07-07,6259.04,6262.07,6201.00,6229.98,5236740000,^GSPC
2025-07-08,6234.03,6242.70,6217.75,6225.52,5739030000,^GSPC
2025-07-09,6243.33,6269.16,6231.43,6263.26,4813340000,^GSPC
2025-07-10,6266.80,6290.22,6251.44,6280.46,5367350000,^GSPC
2025-07-11,6255.68,6269.44,6237.60,6259.75,4656210000,^GSPC
2025-07-14,6255.15,6273.31,6239.22,6268.56,4722250000,^GSPC
2025-07-15,6295.29,6302.04,6241.68,6243.76,5133670000,^GSPC
2025-07-16,6254.50,6268.12,6201.59,6263.70,5177460000,^GSPC
2025-07-17,6263.40,6304.69,6262.27,6297.36,5512290000,^GSPC
2025-07-18,6312.95,6315.61,6285.27,6296.79,5184700000,^GSPC
2025-07-21,6304.74,6336.08,6303.79,6305.60,5010840000,^GSPC
2025-07-22,6306.60,6316.12,6281.71,6309.62,5662040000,^GSPC
2025-07-23,6326.90,6360.64,6317.49,6358.91,5642510000,^GSPC
2025-07-24,6368.60,6381.31,6360.57,6363.35,5282720000,^GSPC
2025-07-25,6370.01,6395.82,6368.53,6388.64,4470720000,^GSPC
2025-07-28,6397.69,6401.07,6375.79,6389.77,4565620000,^GSPC
2025-07-29,6405.62,6409.26,6363.92,6370.86,5076120000,^GSPC
2025-07-30,6381.23,6396.54,6336.38,6362.90,5375070000,^GSPC
2025-07-31,6427.02,6427.02,6327.64,6339.39,6077080000,^GSPC
2025-08-01,6287.28,6287.28,6212.69,6238.01,5827150000,^GSPC
2025-08-04,6271.71,6330.69,6271.71,6329.94,4842580000,^GSPC
2025-08-05,6336.63,6346.00,6289.37,6299.19,5517410000,^GSPC
2025-08-06,6309.30,6352.83,6301.11,6345.06,5408560000,^GSPC
2025-08-07,6374.32,6389.71,6310.32,6340.00,5306090000,^GSPC
2025-08-08,6355.22,6395.16,6355.22,6389.45,4769910000,^GSPC
2025-08-11,6389.67,6407.25,6364.06,6373.45,4652400000,^GSPC
2025-08-12,6395.17,6446.55,6385.76,6445.76,5135300000,^GSPC
2025-08-13,6462.67,6480.28,6445.02,6466.58,5195950000,^GSPC
2025-08-14,6453.46,6473.92,6441.07,6468.54,4462050000,^GSPC
2025-08-15,6477.38,6481.34,6441.85,6449.80,4575060000,^GSPC
2025-08-18,6445.02,6455.35,6437.70,6449.15,4162290000,^GSPC
2025-08-19,6446.24,6456.48,6400.22,6411.37,4377440000,^GSPC
2025-08-20,6406.62,6408.40,6343.86,6395.78,4470390000,^GSPC
2025-08-21,6380.83,6393.65,6352.71,6370.17,4013560000,^GSPC
2025-08-22,6384.59,6478.89,6384.59,6466.91,5046860000,^GSPC
2025-08-25,6457.67,6466.89,6438.06,6439.32,4059070000,^GSPC
2025-08-26,6435.49,6468.37,6429.21,6465.94,4867680000,^GSPC
2025-08-27,6462.26,6487.06,6457.84,6481.40,4143680000,^GSPC
2025-08-28,6483.84,6508.23,6466.96,6501.86,4283760000,^GSPC
2025-08-29,6489.28,6491.76,6444.57,6460.26,4234840000,^GSPC
2025-09-02,6401.51,6416.54,6360.58,6415.54,4784000000,^GSPC
2025-09-03,6445.82,6453.67,6416.17,6448.26,4465360000,^GSPC
2025-09-04,6456.60,6502.54,6445.98,6502.08,4670770000,^GSPC
2025-09-05,6529.08,6532.65,6443.98,6481.50,5066120000,^GSPC
2025-09-08,6498.09,6508.67,6483.29,6495.15,5211500000,^GSPC
2025-09-09,6503.33,6518.23,6483.08,6512.61,4798350000,^GSPC
2025-09-10,6550.29,6555.97,6516.34,6532.04,5253010000,^GSPC
2025-09-11,6554.41,6592.89,6545.80,6587.47,5426460000,^GSPC
2025-09-12,6590.66,6600.21,6579.49,6584.29,4641640000,^GSPC
2025-09-15,6603.49,6619.62,6602.07,6615.28,5045020000,^GSPC
2025-09-16,6624.13,6626.99,6600.11,6606.76,5359510000,^GSPC
2025-09-17,6604.87,6624.39,6551.15,6600.35,5805340000,^GSPC
2025-09-18,6626.85,6656.80,6611.89,6631.96,5292400000,^GSPC
2025-09-19,6647.11,6671.82,6630.31,6664.36,9125960000,^GSPC
2025-09-22,6654.28,6698.88,6648.07,6693.75,5642620000,^GSPC
2025-09-23,6692.44,6699.52,6645.58,6656.92,5633620000,^GSPC
2025-09-24,6669.79,6672.66,6621.76,6637.97,5459180000,^GSPC
2025-09-25,6608.19,6619.00,6569.22,6604.72,5874670000,^GSPC
2025-09-26,6615.38,6648.97,6604.43,6643.70,5103110000,^GSPC
2025-09-29,6661.58,6677.31,6644.49,6661.21,5358760000,^GSPC
2025-09-30,6656.19,6691.25,6641.00,6688.46,6057210000,^GSPC
2025-10-01,6664.92,6718.48,6656.20,6711.20,6037950000,^GSPC
2025-10-02,6731.31,6731.94,6693.23,6715.35,5416130000,^GSPC
2025-10-03,6722.14,6750.87,6705.67,6715.79,5713110000,^GSPC
2025-10-06,6733.86,6749.52,6717.78,6740.28,5604460000,^GSPC
2025-10-07,6746.14,6754.49,6699.96,6714.59,5546150000,^GSPC
2025-10-08,6723.87,6755.64,6718.09,6753.72,5383130000,^GSPC
2025-10-09,6760.50,6764.58,6716.17,6735.11,5385020000,^GSPC
2025-10-10,6740.49,6762.40,6550.78,6552.51,6596610000,^GSPC
2025-10-13,6622.53,6668.68,6620.71,6654.72,5303960000,^GSPC
2025-10-14,6602.49,6680.70,6555.07,6644.31,5666920000,^GSPC
2025-10-15,6688.27,6724.12,6612.11,6671.06,5633060000,^GSPC
2025-10-16,6689.02,6709.34,6593.99,6629.07,6048180000,^GSPC
2025-10-17,6613.27,6678.88,6603.76,6664.01,5358120000,^GSPC
2025-10-20,6690.05,6744.35,6690.05,6735.13,4672170000,^GSPC
2025-10-21,6736.75,6752.16,6722.03,6735.35,5245020000,^GSPC
2025-10-22,6741.34,6741.75,6655.69,6699.40,5710010000,^GSPC
2025-10-23,6703.65,6749.53,6700.14,6738.44,5565750000,^GSPC
2025-10-24,6772.07,6807.11,6772.07,6791.69,5058220000,^GSPC
2025-10-27,6845.46,6877.28,6843.94,6875.16,5290650000,^GSPC
2025-10-28,6897.74,6911.30,6870.73,6890.89,5695930000,^GSPC
2025-10-29,6910.95,6920.34,6851.91,6890.59,6280130000,^GSPC
2025-10-30,6860.50,6880.75,6820.69,6822.34,6052700000,^GSPC
2025-10-31,6879.17,6879.17,6814.26,6840.20,6398280000,^GSPC
2025-11-03,6882.32,6882.32,6820.62,6851.97,6065720000,^GSPC
2025-11-04,6788.52,6820.21,6766.71,6771.55,5739510000,^GSPC
2025-11-05,6769.77,6829.78,6763.11,6796.29,5939600000,^GSPC
2025-11-06,6787.59,6796.68,6707.51,6720.32,6051900000,^GSPC
2025-11-07,6696.18,6730.11,6631.44,6728.80,5926070000,^GSPC
2025-11-10,6785.36,6841.32,6770.56,6832.43,5366050000,^GSPC
2025-11-11,6815.64,6855.13,6806.87,6846.61,4983490000,^GSPC
2025-11-12,6867.77,6869.91,6829.62,6850.92,5293610000,^GSPC
2025-11-13,6826.47,6828.05,6724.72,6737.49,5473720000,^GSPC
2025-11-14,6672.14,6774.31,6646.87,6734.11,5042660000,^GSPC
2025-11-17,6713.61,6754.50,6638.90,6672.41,5204220000,^GSPC
2025-11-18,6641.19,6666.63,6574.32,6617.32,5159390000,^GSPC
2025-11-19,6625.84,6689.75,6603.50,6642.16,5021610000,^GSPC
2025-11-20,6737.93,6770.35,6534.05,6538.76,5596080000,^GSPC
2025-11-21,6555.77,6660.05,6521.92,6602.99,5929930000,^GSPC
2025-11-24,6636.54,6715.75,6630.70,6705.12,6039740000,^GSPC
2025-11-25,6697.03,6776.40,6659.98,6765.88,5003330000,^GSPC
2025-11-26,6793.55,6831.44,6783.87,6812.61,4485000000,^GSPC
2025-11-28,6822.52,6850.86,6819.75,6849.09,2558540000,^GSPC
2025-12-01,6812.30,6843.65,6799.94,6812.63,4549370000,^GSPC
2025-12-02,6830.96,6851.55,6806.71,6829.37,4582290000,^GSPC
2025-12-03,6815.29,6862.42,6810.43,6849.72,4736780000,^GSPC
2025-12-04,6866.47,6866.47,6827.12,6857.12,4872440000,^GSPC
2025-12-05,6866.32,6895.78,6858.29,6870.40,4944560000,^GSPC
2025-12-08,6875.20,6878.27,6827.19,6846.51,4757130000,^GSPC
2025-12-09,6840.61,6864.92,6837.43,6840.51,4508050000,^GSPC
2025-12-10,6833.49,6900.67,6824.69,6886.68,5526570000,^GSPC
2025-12-11,6861.30,6903.46,6833.45,6901.00,5021060000,^GSPC
2025-12-12,6886.85,6899.85,6801.79,6827.41,4910160000,^GSPC
2025-12-15,6860.19,6861.59,6801.49,6816.51,4975600000,^GSPC
2025-12-16,6800.12,6819.27,6759.74,6800.26,4983180000,^GSPC
2025-12-17,6802.88,6812.26,6720.43,6721.43,5122120000,^GSPC
2025-12-18,6778.06,6816.13,6758.50,6774.76,5101190000,^GSPC
2025-12-19,6792.62,6840.02,6792.62,6834.50,8554470000,^GSPC
2025-12-22,6865.21,6882.03,6855.74,6878.49,4465030000,^GSPC
2025-12-23,6872.41,6910.88,6868.81,6909.79,3820560000,^GSPC
2025-12-24,6904.91,6937.32,6904.91,6932.05,1798270000,^GSPC
2025-12-26,6936.02,6945.77,6921.60,6929.94,2586550000,^GSPC
2025-12-29,6903.60,6920.21,6888.76,6905.74,3541750000,^GSPC
2025-12-30,6900.44,6913.25,6893.47,6896.24,3309930000,^GSPC
2025-12-31,6898.82,6901.42,6844.55,6845.50,3261830000,^GSPC
2026-01-02,6878.11,6894.87,6824.31,6858.47,4184120000,^GSPC
2026-01-05,6892.19,6920.38,6891.56,6902.05,5771930000,^GSPC
2026-01-06,6908.03,6948.69,6904.02,6944.82,5509680000,^GSPC
2026-01-07,6945.07,6965.69,6919.19,6920.93,5214480000,^GSPC
2026-01-08,6914.11,6931.28,6899.33,6921.46,5333200000,^GSPC
2026-01-09,6927.83,6978.36,6917.64,6966.28,5163900000,^GSPC
2026-01-12,6944.12,6986.33,6934.07,6977.27,5019040000,^GSPC
2026-01-13,6977.41,6985.83,6938.77,6963.74,5091730000,^GSPC
2026-01-14,6937.41,6941.30,6885.74,6926.60,5530830000,^GSPC
2026-01-15,6969.46,6979.34,6937.93,6944.47,5114050000,^GSPC
2026-01-16,6960.54,6967.30,6925.09,6940.01,5356550000,^GSPC
2026-01-20,6865.24,6871.17,6789.05,6796.86,5769500000,^GSPC
2026-01-21,6810.71,6910.39,6804.96,6875.62,5835520000,^GSPC
2026-01-22,6914.44,6934.75,6893.62,6913.35,5307580000,^GSPC
2026-01-23,6907.85,6932.96,6895.50,6915.61,4871930000,^GSPC
2026-01-26,6923.23,6964.66,6921.60,6950.23,4968050000,^GSPC
2026-01-27,6965.96,6988.82,6958.83,6978.60,5331720000,^GSPC
2026-01-28,7002.00,7002.28,6963.46,6978.03,5507670000,^GSPC
2026-01-29,6977.74,6992.84,6870.80,6969.01,6877780000,^GSPC
2026-01-30,6947.27,6964.09,6893.48,6939.03,6697340000,^GSPC
2020-01-02,28638.97,28872.80,28627.77,28868.80,251820000,^DJI
2020-01-03,28553.33,28716.31,28500.36,28634.88,239590000,^DJI
2020-01-06,28465.50,28708.02,28418.63,28703.38,252760000,^DJI
2020-01-07,28639.18,28685.50,28565.28,28583.68,258900000,^DJI
2020-01-08,28556.14,28866.18,28522.51,28745.09,291750000,^DJI
2020-01-09,28851.97,28988.01,28844.31,28956.90,275060000,^DJI
2020-01-10,28977.52,29009.07,28789.10,28823.77,237830000,^DJI
2020-01-13,28869.01,28909.91,28819.43,28907.05,249830000,^DJI
2020-01-14,28895.50,29054.16,28872.27,28939.67,287440000,^DJI
2020-01-15,28901.80,29127.59,28897.35,29030.22,260270000,^DJI
2020-01-16,29131.95,29300.32,29131.95,29297.64,252110000,^DJI
2020-01-17,29313.31,29373.62,29289.91,29348.10,321820000,^DJI
2020-01-21,29269.05,29341.21,29146.47,29196.04,320640000,^DJI
2020-01-22,29263.63,29320.20,29172.26,29186.27,283440000,^DJI
2020-01-23,29111.02,29190.47,28966.98,29160.09,307060000,^DJI
2020-01-24,29230.39,29288.79,28843.31,28989.73,380010000,^DJI
2020-01-27,28542.49,28671.79,28440.47,28535.80,337270000,^DJI
2020-01-28,28594.28,28823.23,28575.75,28722.85,330140000,^DJI
2020-01-29,28820.53,28944.24,28728.19,28734.45,302290000,^DJI
2020-01-30,28640.16,28879.71,28489.76,28859.44,326850000,^DJI
2020-01-31,28813.04,28813.04,28169.53,28256.03,403890000,^DJI
2020-02-03,28319.65,28630.39,28319.65,28399.81,307910000,^DJI
2020-02-04,28696.74,28904.88,28696.74,28807.63,332750000,^DJI
2020-02-05,29048.73,29308.89,29000.85,29290.85,357540000,^DJI
2020-02-06,29388.58,29408.05,29246.93,29379.77,263700000,^DJI
2020-02-07,29286.92,29286.92,29056.98,29102.51,252860000,^DJI
2020-02-10,28995.66,29278.07,28995.66,29276.82,250510000,^DJI
2020-02-11,29390.71,29415.39,29210.47,29276.34,279540000,^DJI
2020-02-12,29406.75,29568.57,29406.75,29551.42,309530000,^DJI
2020-02-13,29436.03,29535.40,29345.93,29423.31,291150000,^DJI
2020-02-14,29440.47,29463.04,29283.18,29398.08,231000000,^DJI
2020-02-18,29282.78,29330.16,29116.81,29232.19,256600000,^DJI
2020-02-19,29312.70,29409.09,29274.38,29348.03,240640000,^DJI
2020-02-20,29296.25,29368.45,28959.65,29219.98,287780000,^DJI
2020-02-21,29146.53,29146.53,28892.70,28992.41,311210000,^DJI
2020-02-24,28402.93,28402.93,27912.44,27960.80,452580000,^DJI
2020-02-25,28037.65,28149.20,26997.62,27081.36,513270000,^DJI
2020-02-26,27159.46,27542.78,26890.97,26957.59,472450000,^DJI
2020-02-27,26526.00,26775.31,25752.82,25766.64,664980000,^DJI
2020-02-28,25270.83,25494.24,24681.01,25409.36,915990000,^DJI
2020-03-02,25590.51,26706.17,25391.96,26703.32,637200000,^DJI
2020-03-03,26762.47,27084.59,25706.28,25917.41,647080000,^DJI
2020-03-04,26383.68,27102.34,26286.31,27090.86,457590000,^DJI
2020-03-05,26671.92,26671.92,25943.33,26121.28,477370000,^DJI
2020-03-06,25457.21,25994.38,25226.62,25864.78,599780000,^DJI
2020-03-09,24992.36,24992.36,23706.07,23851.02,750430000,^DJI
2020-03-10,24453.00,25020.99,23690.34,25018.16,654860000,^DJI
2020-03-11,24604.63,24604.63,23328.32,23553.22,663960000,^DJI
2020-03-12,22184.71,22837.95,21154.46,21200.62,908260000,^DJI
2020-03-13,21973.82,23189.76,21285.37,23185.62,843080000,^DJI
2020-03-16,20917.53,21768.28,20116.46,20188.52,770130000,^DJI
2020-03-17,20487.05,21379.35,19882.26,21237.38,793060000,^DJI
2020-03-18,20188.69,20489.33,18917.46,19898.92,871360000,^DJI
2020-03-19,19830.01,20442.63,19177.13,20087.19,780300000,^DJI
2020-03-20,20253.15,20531.26,19094.27,19173.98,872290000,^DJI
2020-03-23,19028.36,19121.01,18213.65,18591.93,787970000,^DJI
2020-03-24,19722.19,20737.70,19649.25,20704.91,799340000,^DJI
2020-03-25,21050.34,22019.93,20538.34,21200.55,796320000,^DJI
2020-03-26,21468.38,22595.06,21427.10,22552.17,705180000,^DJI
2020-03-27,21898.47,22327.57,21469.27,21636.78,588830000,^DJI
2020-03-30,21678.22,22378.09,21522.08,22327.48,545540000,^DJI
2020-03-31,22208.42,22480.37,21852.08,21917.16,571210000,^DJI
2020-04-01,21227.38,21487.24,20784.43,20943.51,506680000,^DJI
2020-04-02,20819.46,21477.77,20735.02,21413.44,529540000,^DJI
2020-04-03,21285.93,21447.81,20863.09,21052.53,450010000,^DJI
2020-04-06,21693.63,22783.45,21693.63,22679.99,610760000,^DJI
2020-04-07,23537.44,23617.24,22634.45,22653.86,594660000,^DJI
2020-04-08,22893.47,23513.40,22682.99,23433.57,472740000,^DJI
2020-04-09,23690.66,24008.99,23504.09,23719.37,566400000,^DJI
2020-04-13,23698.93,23698.93,23095.35,23390.77,394320000,^DJI
2020-04-14,23690.57,24040.58,23683.44,23949.76,485910000,^DJI
2020-04-15,23600.72,23649.72,23233.32,23504.35,437630000,^DJI
2020-04-16,23543.66,23598.08,23211.38,23537.68,471050000,^DJI
2020-04-17,23817.15,24264.21,23817.15,24242.49,525950000,^DJI
2020-04-20,24095.10,24108.69,23627.19,23650.44,423410000,^DJI
2020-04-21,23365.25,23365.25,22941.88,23018.88,485140000,^DJI
2020-04-22,23437.34,23613.10,23339.60,23475.82,352880000,^DJI
2020-04-23,23543.09,23885.36,23483.35,23515.26,389290000,^DJI
2020-04-24,23628.24,23826.00,23417.68,23775.27,376020000,^DJI
2020-04-27,23866.15,24207.65,23840.61,24133.78,389390000,^DJI
2020-04-28,24357.17,24512.24,24031.20,24101.55,400250000,^DJI
2020-04-29,24490.37,24764.77,24453.99,24633.86,455290000,^DJI
2020-04-30,24585.57,24585.57,24186.90,24345.72,487840000,^DJI
2020-05-01,24120.78,24120.78,23645.30,23723.69,418160000,^DJI
2020-05-04,23581.55,23769.56,23361.16,23749.76,355360000,^DJI
2020-05-05,23958.88,24169.72,23868.91,23883.09,369710000,^DJI
2020-05-06,23978.88,24054.59,23661.14,23664.64,377450000,^DJI
2020-05-07,23837.21,24094.62,23834.39,23875.89,369890000,^DJI
2020-05-08,24107.82,24349.90,24107.05,24331.32,335760000,^DJI
2020-05-11,24256.45,24366.21,24070.22,24221.99,352400000,^DJI
2020-05-12,24292.84,24382.09,23761.58,23764.78,359480000,^DJI
2020-05-13,23702.16,23708.90,23067.64,23247.97,469950000,^DJI
2020-05-14,23049.06,23630.86,22789.62,23625.34,472700000,^DJI
2020-05-15,23454.83,23730.08,23354.15,23685.42,491510000,^DJI
2020-05-18,24059.98,24708.54,24059.98,24597.37,484190000,^DJI
2020-05-19,24577.48,24599.50,24202.96,24206.86,374100000,^DJI
2020-05-20,24455.94,24649.48,24455.94,24575.90,366510000,^DJI
2020-05-21,24564.27,24718.46,24370.88,24474.12,346770000,^DJI
2020-05-22,24461.98,24481.64,24294.07,24465.16,255660000,^DJI
2020-05-26,24781.84,25176.42,24781.84,24995.11,424380000,^DJI
2020-05-27,25298.63,25551.56,25009.87,25548.27,411230000,^DJI
2020-05-28,25697.36,25758.79,25358.73,25400.64,377800000,^DJI
2020-05-29,25324.15,25482.80,25031.67,25383.11,527620000,^DJI
2020-06-01,25342.99,25508.83,25220.66,25475.02,338310000,^DJI
2020-06-02,25582.52,25743.13,25523.74,25742.65,352610000,^DJI
2020-06-03,25906.88,26337.75,25906.88,26269.89,398790000,^DJI
2020-06-04,26226.49,26384.10,26082.31,26281.82,372190000,^DJI
2020-06-05,26836.80,27338.30,26836.80,27110.98,542310000,^DJI
2020-06-08,27232.93,27580.21,27232.48,27572.44,430200000,^DJI
2020-06-09,27447.37,27447.37,27151.06,27272.30,381430000,^DJI
2020-06-10,27251.89,27355.22,26938.05,26989.99,448930000,^DJI
2020-06-11,26282.51,26294.08,25082.72,25128.17,647780000,^DJI
2020-06-12,25659.42,25965.55,25078.41,25605.54,514440000,^DJI
2020-06-15,25270.39,25891.58,24843.18,25763.16,461230000,^DJI
2020-06-16,26326.68,26611.03,25811.70,26289.98,489500000,^DJI
2020-06-17,26330.52,26400.07,26068.41,26119.61,328830000,^DJI
2020-06-18,26016.45,26154.20,25848.53,26080.10,328390000,^DJI
2020-06-19,26213.10,26451.44,25759.66,25871.46,669390000,^DJI
2020-06-22,25865.08,26059.81,25667.68,26024.96,351780000,^DJI
2020-06-23,26159.39,26314.97,26105.97,26156.10,389980000,^DJI
2020-06-24,25992.96,25992.96,25296.73,25445.94,450120000,^DJI
2020-06-25,25365.22,25769.61,25209.79,25745.60,384560000,^DJI
2020-06-26,25641.69,25641.69,24971.03,25015.55,640860000,^DJI
2020-06-29,25152.45,25601.15,25096.16,25595.80,378070000,^DJI
2020-06-30,25512.43,25905.38,25475.14,25812.88,410780000,^DJI
2020-07-01,25879.38,26019.31,25713.61,25734.97,373180000,^DJI
2020-07-02,25936.45,26204.41,25778.12,25827.36,349130000,^DJI
2020-07-06,25996.08,26297.53,25996.08,26287.03,340690000,^DJI
2020-07-07,26172.01,26174.93,25866.58,25890.18,346820000,^DJI
2020-07-08,25950.06,26109.49,25816.25,26067.28,337300000,^DJI
2020-07-09,26094.92,26103.28,25523.51,25706.09,387610000,^DJI
2020-07-10,25690.35,26101.32,25637.50,26075.30,338170000,^DJI
2020-07-13,26225.07,26639.09,26044.23,26085.80,425320000,^DJI
2020-07-14,26044.17,26690.52,25994.98,26642.59,401640000,^DJI
2020-07-15,27009.81,27071.33,26692.48,26870.10,384900000,^DJI
2020-07-16,26746.57,26879.16,26590.01,26734.71,287330000,^DJI
2020-07-17,26774.62,26808.43,26619.88,26671.95,296460000,^DJI
2020-07-20,26660.29,26765.02,26504.20,26680.87,309390000,^DJI
2020-07-21,26833.14,27025.38,26766.22,26840.40,364930000,^DJI
2020-07-22,26824.56,27035.24,26794.19,27005.84,404340000,^DJI
2020-07-23,26955.97,26973.85,26560.04,26652.33,419800000,^DJI
2020-07-24,26533.41,26625.70,26402.86,26469.89,494170000,^DJI
2020-07-27,26447.67,26625.46,26426.92,26584.77,400930000,^DJI
2020-07-28,26529.45,26556.84,26361.71,26379.28,361090000,^DJI
2020-07-29,26388.44,26602.45,26375.39,26539.57,347580000,^DJI
2020-07-30,26367.42,26374.93,25992.28,26313.65,351540000,^DJI
2020-07-31,26409.33,26440.02,26013.59,26428.32,488050000,^DJI
2020-08-03,26542.32,26707.26,26534.38,26664.40,439380000,^DJI
2020-08-04,26664.61,26832.72,26597.82,26828.47,346350000,^DJI
2020-08-05,26924.78,27221.67,26924.78,27201.52,366000000,^DJI
2020-08-06,27170.82,27394.10,27145.25,27386.98,322460000,^DJI
2020-08-07,27321.68,27456.24,27223.55,27433.48,321170000,^DJI
2020-08-10,27488.21,27803.86,27488.21,27791.44,360340000,^DJI
2020-08-11,27961.64,28154.88,27624.51,27686.91,428220000,^DJI
2020-08-12,27860.24,28043.89,27843.32,27976.84,340210000,^DJI
2020-08-13,27922.51,27986.10,27789.78,27896.72,360160000,^DJI
2020-08-14,27828.93,27977.81,27759.39,27931.02,275540000,^DJI
2020-08-17,27970.05,27999.81,27816.40,27844.91,286860000,^DJI
2020-08-18,27853.48,27891.12,27668.79,27778.07,276170000,^DJI
2020-08-19,27811.26,27920.42,27647.67,27692.88,311460000,^DJI
2020-08-20,27622.68,27781.46,27526.25,27739.73,304550000,^DJI
2020-08-21,27758.13,27959.48,27686.78,27930.33,372720000,^DJI
2020-08-24,28077.58,28314.94,28041.75,28308.46,383880000,^DJI
2020-08-25,28347.42,28400.74,28094.57,28248.44,338420000,^DJI
2020-08-26,28257.88,28353.80,28153.91,28331.92,327070000,^DJI
2020-08-27,28384.07,28634.22,28363.93,28492.27,404340000,^DJI
2020-08-28,28601.29,28733.35,28487.98,28653.87,369740000,^DJI
2020-08-31,28643.66,28643.66,28363.55,28430.05,517320000,^DJI
2020-09-01,28439.61,28659.26,28290.72,28645.66,423410000,^DJI
2020-09-02,28736.79,29162.88,28713.53,29100.50,539510000,^DJI
2020-09-03,29090.70,29199.35,28074.76,28292.73,650080000,^DJI
2020-09-04,28341.05,28539.75,27664.68,28133.31,694640000,^DJI
2020-09-08,27925.23,27925.23,27464.90,27500.89,580860000,^DJI
2020-09-09,27711.71,28206.21,27704.54,27940.47,460590000,^DJI
2020-09-10,28022.51,28174.78,27447.08,27534.58,442850000,^DJI
2020-09-11,27613.86,27828.82,27448.15,27665.64,435330000,^DJI
2020-09-14,27718.74,28086.06,27718.74,27993.33,380750000,^DJI
2020-09-15,28139.76,28231.06,27931.45,27995.60,414520000,^DJI
2020-09-16,28031.69,28364.77,28021.67,28032.38,416650000,^DJI
2020-09-17,27834.18,28056.79,27647.93,27901.98,437230000,^DJI
2020-09-18,27864.87,27946.69,27487.97,27657.42,698710000,^DJI
2020-09-21,27484.71,27484.71,26715.15,27147.70,523660000,^DJI
2020-09-22,27170.34,27333.09,26989.93,27288.18,420720000,^DJI
2020-09-23,27413.60,27464.46,26716.12,26763.13,459470000,^DJI
2020-09-24,26716.09,27094.85,26537.01,26815.44,447810000,^DJI
2020-09-25,26694.51,27239.29,26635.38,27173.96,388900000,^DJI
2020-09-28,27362.14,27722.60,27362.14,27584.06,401860000,^DJI
2020-09-29,27560.24,27605.60,27338.09,27452.66,303820000,^DJI
2020-09-30,27514.64,28026.33,27511.06,27781.70,452550000,^DJI
2020-10-01,27940.63,28041.46,27669.26,27816.90,373450000,^DJI
2020-10-02,27536.39,27861.43,27382.94,27682.81,392770000,^DJI
2020-10-05,27825.42,28162.64,27825.42,28148.64,318210000,^DJI
2020-10-06,28214.24,28354.48,27728.03,27772.76,435030000,^DJI
2020-10-07,27971.36,28369.66,27971.36,28303.46,328750000,^DJI
2020-10-08,28348.86,28459.13,28265.56,28425.51,314750000,^DJI
2020-10-09,28533.61,28676.29,28440.63,28586.90,324050000,^DJI
2020-10-12,28671.12,28957.90,28659.67,28837.52,493680000,^DJI
2020-10-13,28764.95,28808.84,28604.35,28679.81,526110000,^DJI
2020-10-14,28731.30,28792.56,28461.73,28514.00,370800000,^DJI
2020-10-15,28323.40,28535.85,28181.54,28494.20,328940000,^DJI
2020-10-16,28570.72,28842.90,28570.72,28606.31,356140000,^DJI
2020-10-19,28633.55,28711.93,28139.40,28195.42,358700000,^DJI
2020-10-20,28245.85,28575.03,28243.04,28308.79,350220000,^DJI
2020-10-21,28270.66,28450.64,28196.39,28210.82,299420000,^DJI
2020-10-22,28197.42,28421.31,28040.18,28363.66,330320000,^DJI
2020-10-23,28409.65,28436.52,28149.82,28335.57,347300000,^DJI
2020-10-26,28185.82,28185.82,27370.16,27685.38,404150000,^DJI
2020-10-27,27651.18,27707.69,27457.96,27463.19,366400000,^DJI
2020-10-28,27102.14,27102.14,26497.39,26519.95,496150000,^DJI
2020-10-29,26480.98,26891.89,26290.78,26659.11,419770000,^DJI
2020-10-30,26572.27,26639.18,26143.77,26501.60,504820000,^DJI
2020-11-02,26691.28,27043.48,26691.28,26925.05,379990000,^DJI
2020-11-03,27138.69,27640.21,27138.69,27480.03,350980000,^DJI
2020-11-04,27512.83,28301.50,27512.83,27847.66,447860000,^DJI
2020-11-05,28083.37,28495.05,28083.37,28390.18,390140000,^DJI
2020-11-06,28399.13,28431.96,28189.50,28323.40,326710000,^DJI
2020-11-09,29467.90,29933.83,29130.66,29157.97,673310000,^DJI
2020-11-10,29254.17,29478.86,29126.99,29420.92,526980000,^DJI
2020-11-11,29524.35,29593.11,29281.22,29397.63,376700000,^DJI
2020-11-12,29231.91,29311.83,28902.13,29080.17,369320000,^DJI
2020-11-13,29203.90,29559.25,29203.90,29479.81,348810000,^DJI
2020-11-16,29672.36,29964.29,29672.36,29950.44,418290000,^DJI
2020-11-17,29800.15,29872.42,29520.29,29783.35,372380000,^DJI
2020-11-18,29875.40,29930.85,29432.84,29438.42,382850000,^DJI
2020-11-19,29370.92,29524.90,29228.38,29483.23,331330000,^DJI
2020-11-20,29437.57,29469.89,29231.20,29263.48,305350000,^DJI
2020-11-23,29332.82,29667.75,29332.82,29591.27,387200000,^DJI
2020-11-24,29746.11,30116.51,29746.11,30046.24,432760000,^DJI
2020-11-25,30058.87,30058.87,29806.25,29872.47,323030000,^DJI
2020-11-27,29911.33,30015.13,29819.98,29910.37,177040000,^DJI
2020-11-30,29854.51,29854.51,29463.64,29638.64,551350000,^DJI
2020-12-01,29797.50,30083.31,29797.50,29823.92,429510000,^DJI
2020-12-02,29695.09,29902.51,29599.29,29883.79,385280000,^DJI
2020-12-03,29920.83,30110.88,29877.27,29969.52,405680000,^DJI
2020-12-04,29989.56,30218.26,29989.56,30218.26,356590000,^DJI
2020-12-07,30233.03,30233.03,29967.22,30069.79,365810000,^DJI
2020-12-08,29997.95,30246.22,29972.07,30173.88,311190000,^DJI
2020-12-09,30229.81,30319.70,29951.85,30068.81,380520000,^DJI
2020-12-10,30032.55,30063.87,29876.82,29999.26,325550000,^DJI
2020-12-11,29988.21,30071.13,29820.84,30046.37,393870000,^DJI
2020-12-14,30123.91,30325.79,29849.15,29861.55,371980000,^DJI
2020-12-15,29919.09,30243.26,29894.95,30199.31,417770000,^DJI
2020-12-16,30191.38,30236.03,30080.11,30154.54,344590000,^DJI
2020-12-17,30216.00,30323.78,30216.00,30303.37,345530000,^DJI
2020-12-18,30314.26,30343.59,30029.44,30179.05,782070000,^DJI
2020-12-21,30159.00,30304.14,29755.53,30216.45,437480000,^DJI
2020-12-22,30200.20,30200.20,29992.89,30015.51,388810000,^DJI
2020-12-23,30046.73,30292.53,30046.73,30129.83,274050000,^DJI
2020-12-24,30155.92,30209.67,30099.30,30199.87,145570000,^DJI
2020-12-28,30283.23,30525.56,30283.23,30403.97,302490000,^DJI
2020-12-29,30492.07,30588.79,30274.24,30335.67,357610000,^DJI
2020-12-30,30415.09,30525.35,30393.04,30409.56,291890000,^DJI
2020-12-31,30417.64,30637.47,30344.50,30606.48,284470000,^DJI
2021-01-04,30627.47,30674.28,29881.82,30223.89,475080000,^DJI
2021-01-05,30204.25,30504.89,30141.78,30391.60,350910000,^DJI
2021-01-06,30362.78,31022.65,30313.07,30829.40,500430000,^DJI
2021-01-07,30901.18,31193.40,30897.86,31041.13,427810000,^DJI
2021-01-08,31069.58,31140.67,30793.27,31097.97,381150000,^DJI
2021-01-11,31015.37,31096.98,30832.06,31008.69,356540000,^DJI
2021-01-12,31015.01,31114.56,30888.76,31068.69,362620000,^DJI
2021-01-13,31084.88,31153.37,30992.05,31060.47,413250000,^DJI
2021-01-14,31085.67,31223.78,30982.24,30991.52,427810000,^DJI
2021-01-15,30926.77,30941.98,30612.67,30814.26,433000000,^DJI
2021-01-19,30887.42,31086.62,30865.03,30930.52,386400000,^DJI
2021-01-20,31017.54,31235.98,30997.79,31188.38,384980000,^DJI
2021-01-21,31198.01,31272.22,31120.92,31176.01,418780000,^DJI
2021-01-22,31141.56,31141.56,30908.47,30996.98,436040000,^DJI
2021-01-25,30989.85,30989.85,30564.06,30960.00,472890000,^DJI
2021-01-26,30968.55,31121.42,30921.71,30937.04,373150000,^DJI
2021-01-27,30893.78,30893.78,30206.91,30303.17,566470000,^DJI
2021-01-28,30377.19,30951.41,30377.19,30603.36,465140000,^DJI
2021-01-29,30553.91,30553.91,29856.30,29982.62,536320000,^DJI
2021-02-01,30054.73,30335.91,30014.97,30211.91,347060000,^DJI
2021-02-02,30276.88,30840.54,30276.88,30687.48,333160000,^DJI
2021-02-03,30689.65,30793.41,30521.31,30723.60,305590000,^DJI
2021-02-04,30737.78,31065.96,30737.78,31055.86,338330000,^DJI
2021-02-05,31093.81,31252.18,31083.22,31148.24,293550000,^DJI
2021-02-08,31191.20,31386.10,31191.20,31385.76,322250000,^DJI
2021-02-09,31359.88,31439.47,31245.86,31375.83,308210000,^DJI
2021-02-10,31428.02,31511.44,31221.32,31437.80,326450000,^DJI
2021-02-11,31466.49,31543.82,31244.36,31430.70,280320000,^DJI
2021-02-12,31420.80,31475.31,31347.80,31458.40,263090000,^DJI
2021-02-16,31472.08,31608.63,31443.48,31522.75,329210000,^DJI
2021-02-17,31485.61,31643.70,31338.76,31613.02,343510000,^DJI
2021-02-18,31558.60,31558.60,31285.32,31493.34,325990000,^DJI
2021-02-19,31504.13,31647.53,31469.34,31494.32,353070000,^DJI
2021-02-22,31381.12,31653.48,31286.57,31521.69,387210000,^DJI
2021-02-23,31501.89,31653.38,31158.76,31537.35,460410000,^DJI
2021-02-24,31499.75,32009.64,31421.29,31961.86,410150000,^DJI
2021-02-25,31955.94,31984.77,31293.32,31402.01,454110000,^DJI
2021-02-26,31401.29,31450.89,30911.37,30932.37,532250000,^DJI
2021-03-01,31065.90,31668.34,31065.90,31535.51,385670000,^DJI
2021-03-02,31535.37,31623.27,31377.16,31391.52,337270000,^DJI
2021-03-03,31352.96,31563.31,31260.14,31270.09,409660000,^DJI
2021-03-04,31289.01,31461.97,30547.53,30924.14,537850000,^DJI
2021-03-05,31029.18,31580.33,30766.81,31496.30,501810000,^DJI
2021-03-08,31512.15,32148.04,31512.15,31802.44,496980000,^DJI
2021-03-09,31892.35,32150.32,31822.64,31832.74,458690000,^DJI
2021-03-10,31906.96,32389.50,31906.96,32297.02,409110000,^DJI
2021-03-11,32354.50,32661.59,32345.70,32485.59,400020000,^DJI
2021-03-12,32462.40,32793.32,32462.40,32778.64,346400000,^DJI
2021-03-15,32798.84,32973.40,32629.75,32953.46,360080000,^DJI
2021-03-16,32966.75,32966.75,32778.23,32825.95,386370000,^DJI
2021-03-17,32825.52,33047.58,32782.18,33015.37,391200000,^DJI
2021-03-18,32928.16,33227.78,32831.25,32862.30,418480000,^DJI
2021-03-19,32858.36,32858.36,32505.07,32627.97,811890000,^DJI
2021-03-22,32601.82,32810.35,32512.53,32731.20,383500000,^DJI
2021-03-23,32691.50,32753.77,32356.28,32423.15,385840000,^DJI
2021-03-24,32470.88,32787.99,32418.15,32420.06,399390000,^DJI
2021-03-25,32346.81,32672.69,32071.41,32619.48,411990000,^DJI
2021-03-26,32681.07,33098.83,32681.07,33072.88,382170000,^DJI
2021-03-29,33087.55,33259.00,32905.13,33171.37,351610000,^DJI
2021-03-30,33127.88,33170.93,32988.92,33066.96,307510000,^DJI
2021-03-31,33116.04,33173.77,32980.57,32981.55,414140000,^DJI
2021-04-01,33054.58,33167.17,32985.35,33153.21,311880000,^DJI
2021-04-05,33222.38,33617.95,33222.38,33527.19,344270000,^DJI
2021-04-06,33500.02,33544.79,33380.43,33430.24,297940000,^DJI
2021-04-07,33444.98,33521.76,33347.96,33446.26,273440000,^DJI
2021-04-08,33469.89,33506.80,33342.64,33503.57,304040000,^DJI
2021-04-09,33526.19,33810.87,33526.19,33800.60,316410000,^DJI
2021-04-12,33775.06,33786.19,33665.54,33745.40,327370000,^DJI
2021-04-13,33721.16,33741.64,33545.84,33677.27,324480000,^DJI
2021-04-14,33668.95,33911.25,33668.95,33730.89,315330000,^DJI
2021-04-15,33788.53,34068.73,33788.53,34035.99,319680000,^DJI
2021-04-16,34058.16,34256.75,34058.16,34200.67,343760000,^DJI
2021-04-19,34182.38,34182.38,33980.56,34077.63,312540000,^DJI
2021-04-20,34034.18,34034.18,33687.01,33821.30,350960000,^DJI
2021-04-21,33808.30,34160.34,33773.80,34137.31,290300000,^DJI
2021-04-22,34109.88,34126.57,33717.19,33815.90,344470000,^DJI
2021-04-23,33804.52,34157.57,33713.29,34043.49,346380000,^DJI
2021-04-26,34044.23,34148.94,33941.37,33981.57,279300000,^DJI
2021-04-27,33932.13,34043.98,33870.46,33984.93,289030000,^DJI
2021-04-28,33860.46,33946.60,33805.56,33820.38,335820000,^DJI
2021-04-29,33855.64,34087.21,33744.28,34060.36,408450000,^DJI
2021-04-30,33988.75,33988.75,33784.96,33874.85,374890000,^DJI
2021-05-03,33904.89,34221.06,33904.89,34113.23,289770000,^DJI
2021-05-04,34080.20,34147.78,33765.68,34133.03,407860000,^DJI
2021-05-05,34163.99,34331.20,34039.66,34230.34,253180000,^DJI
2021-05-06,34245.11,34561.29,34185.06,34548.53,315430000,^DJI
2021-05-07,34578.27,34811.39,34464.31,34777.76,303400000,^DJI
2021-05-10,34785.27,35091.56,34741.57,34742.82,361620000,^DJI
2021-05-11,34572.74,34572.74,34075.31,34269.16,413180000,^DJI
2021-05-12,34206.40,34207.87,33555.22,33587.66,381350000,^DJI
2021-05-13,33624.74,34181.77,33623.49,34021.45,350820000,^DJI
2021-05-14,34050.86,34454.05,34050.86,34382.13,303230000,^DJI
2021-05-17,34375.29,34383.84,34176.65,34327.79,291910000,^DJI
2021-05-18,34351.18,34408.99,34044.10,34060.66,289590000,^DJI
2021-05-19,33945.81,33945.81,33473.80,33896.04,348480000,^DJI
2021-05-20,33906.30,34233.40,33872.41,34084.15,320150000,^DJI
2021-05-21,34121.91,34415.48,34121.91,34207.84,306360000,^DJI
2021-05-24,34253.87,34472.51,34253.87,34393.98,251010000,^DJI
2021-05-25,34428.66,34511.35,34266.03,34312.46,285760000,^DJI
2021-05-26,34336.34,34409.59,34271.44,34323.05,258780000,^DJI
2021-05-27,34432.47,34608.82,34389.24,34464.64,520630000,^DJI
2021-05-28,34558.50,34631.11,34520.09,34529.45,290850000,^DJI
2021-06-01,34584.19,34849.32,34542.87,34575.31,287700000,^DJI
2021-06-02,34614.62,34706.65,34545.96,34600.38,263810000,^DJI
2021-06-03,34550.31,34667.41,34334.41,34577.04,297380000,^DJI
2021-06-04,34618.69,34772.12,34618.69,34756.39,270050000,^DJI
2021-06-07,34766.20,34820.91,34574.51,34630.24,259120000,^DJI
2021-06-08,34645.84,34665.38,34452.94,34599.82,289440000,^DJI
2021-06-09,34626.16,34654.67,34439.37,34447.14,245100000,^DJI
2021-06-10,34502.51,34737.79,34447.25,34466.24,309310000,^DJI
2021-06-11,34499.81,34618.09,34328.65,34479.60,260840000,^DJI
2021-06-14,34472.52,34472.52,34211.54,34393.75,295530000,^DJI
2021-06-15,34397.10,34420.38,34199.16,34299.33,272430000,^DJI
2021-06-16,34308.48,34333.25,33917.11,34033.67,347150000,^DJI
2021-06-17,34014.38,34091.79,33626.61,33823.45,354690000,^DJI
2021-06-18,33622.70,33622.70,33271.93,33290.08,563920000,^DJI
2021-06-21,33312.07,33908.09,33312.07,33876.97,317260000,^DJI
2021-06-22,33872.56,34040.70,33751.06,33945.58,284130000,^DJI
2021-06-23,33948.54,34009.40,33869.83,33874.24,255280000,^DJI
2021-06-24,33933.91,34233.02,33933.91,34196.82,275870000,^DJI
2021-06-25,34328.10,34501.02,34314.80,34433.84,432550000,^DJI
2021-06-28,34428.10,34449.65,34186.13,34283.27,280280000,^DJI
2021-06-29,34338.89,34469.83,34266.83,34292.29,282360000,^DJI
2021-06-30,34290.74,34553.16,34245.48,34502.51,295560000,^DJI
2021-07-01,34507.32,34640.28,34498.85,34633.53,268280000,^DJI
2021-07-02,34642.42,34821.93,34613.49,34786.35,301860000,^DJI
2021-07-06,34790.16,34814.20,34358.42,34577.37,348430000,^DJI
2021-07-07,34604.17,34708.78,34435.59,34681.79,302700000,^DJI
2021-07-08,34569.01,34569.01,34145.59,34421.93,335690000,^DJI
2021-07-09,34457.51,34893.72,34457.51,34870.16,301750000,^DJI
2021-07-12,34836.75,35014.90,34730.15,34996.18,294800000,^DJI
2021-07-13,34959.96,35018.79,34876.89,34888.79,322430000,^DJI
2021-07-14,34920.83,35069.18,34826.87,34933.23,344340000,^DJI
2021-07-15,34924.81,34990.41,34762.87,34987.02,320450000,^DJI
2021-07-16,35007.94,35090.01,34647.82,34687.85,322980000,^DJI
2021-07-19,34528.48,34528.48,33741.76,33962.04,440440000,^DJI
2021-07-20,33981.79,34621.79,33981.79,34511.99,387020000,^DJI
2021-07-21,34556.96,34820.24,34556.96,34798.00,317090000,^DJI
2021-07-22,34799.68,34879.28,34673.03,34823.35,291610000,^DJI
2021-07-23,34855.11,35095.33,34855.11,35061.55,314040000,^DJI
2021-07-26,35055.86,35150.37,34950.19,35144.31,259790000,^DJI
2021-07-27,35078.90,35078.90,34878.07,35058.52,326610000,^DJI
2021-07-28,35109.95,35116.37,34876.84,34930.93,347170000,^DJI
2021-07-29,34985.99,35171.52,34985.99,35084.53,222680000,^DJI
2021-07-30,35013.26,35106.30,34871.13,34935.47,276410000,^DJI
2021-08-02,34968.56,35192.11,34808.20,34838.16,238620000,^DJI
2021-08-03,34864.10,35120.94,34714.33,35116.40,259820000,^DJI
2021-08-04,35047.44,35047.44,34790.62,34792.67,245300000,^DJI
2021-08-05,34815.61,35067.54,34815.61,35064.25,216580000,^DJI
2021-08-06,35077.44,35246.79,35077.44,35208.51,231570000,^DJI
2021-08-09,35229.67,35229.67,35041.24,35101.85,207850000,^DJI
2021-08-10,35135.17,35285.16,35091.91,35264.67,255040000,^DJI
2021-08-11,35300.89,35501.16,35300.89,35484.97,232800000,^DJI
2021-08-12,35481.94,35510.77,35352.53,35499.85,231600000,^DJI
2021-08-13,35551.56,35610.57,35474.78,35515.38,236790000,^DJI
2021-08-16,35490.83,35631.19,35231.87,35625.40,292590000,^DJI
2021-08-17,35500.01,35500.01,35120.31,35343.28,309410000,^DJI
2021-08-18,35310.20,35356.80,34943.41,34960.69,289800000,^DJI
2021-08-19,34874.67,34997.81,34690.25,34894.12,333550000,^DJI
2021-08-20,34917.96,35177.26,34867.07,35120.08,269320000,^DJI
2021-08-23,35160.97,35428.91,35160.97,35335.71,245760000,^DJI
2021-08-24,35382.72,35445.47,35356.18,35366.26,228710000,^DJI
2021-08-25,35388.77,35501.14,35287.63,35405.50,237230000,^DJI
2021-08-26,35449.68,35498.45,35205.10,35213.12,239740000,^DJI
2021-08-27,35231.11,35479.18,35231.11,35455.80,240990000,^DJI
2021-08-30,35471.80,35510.71,35374.46,35399.84,245390000,^DJI
2021-08-31,35391.38,35449.79,35289.86,35360.73,337240000,^DJI
2021-09-01,35387.55,35407.37,35287.05,35312.53,265520000,^DJI
2021-09-02,35353.06,35475.40,35348.48,35443.82,263370000,^DJI
2021-09-03,35401.73,35422.71,35269.40,35369.09,221370000,^DJI
2021-09-07,35373.24,35373.24,35060.90,35100.00,289830000,^DJI
2021-09-08,35087.45,35175.15,34925.61,35031.07,261880000,^DJI
2021-09-09,35013.08,35199.89,34847.30,34879.38,261330000,^DJI
2021-09-10,34949.59,35104.25,34599.61,34607.72,333230000,^DJI
2021-09-13,34665.50,34939.10,34665.50,34869.63,334190000,^DJI
2021-09-14,34906.90,34990.36,34510.30,34577.57,325140000,^DJI
2021-09-15,34580.95,34880.77,34522.03,34814.39,317490000,^DJI
2021-09-16,34810.27,34943.55,34540.11,34751.32,278270000,^DJI
2021-09-17,34737.86,34779.86,34519.63,34584.88,560630000,^DJI
2021-09-20,34459.72,34459.72,33613.03,33970.47,435780000,^DJI
2021-09-21,34025.61,34313.88,33914.02,33919.84,306970000,^DJI
2021-09-22,34006.87,34440.42,34006.87,34258.32,296590000,^DJI
2021-09-23,34296.30,34879.78,34296.30,34764.82,283890000,^DJI
2021-09-24,34762.31,34857.06,34648.08,34798.00,254310000,^DJI
2021-09-27,34739.27,35061.12,34739.27,34869.37,289480000,^DJI
2021-09-28,34747.70,34798.21,34254.65,34299.99,379020000,^DJI
2021-09-29,34360.08,34580.42,34305.96,34390.72,290350000,^DJI
2021-09-30,34467.98,34557.37,33833.32,33843.92,354830000,^DJI
2021-10-01,33930.70,34490.56,33785.54,34326.46,427580000,^DJI
2021-10-04,34312.96,34410.28,33821.58,34002.92,396860000,^DJI
2021-10-05,34035.25,34490.95,34035.25,34314.67,311520000,^DJI
2021-10-06,34198.96,34432.68,33854.69,34416.99,322170000,^DJI
2021-10-07,34509.72,34975.19,34509.72,34754.94,273290000,^DJI
2021-10-08,34757.57,34842.62,34661.95,34746.25,238080000,^DJI
2021-10-11,34723.79,34951.35,34486.51,34496.06,256820000,^DJI
2021-10-12,34507.15,34611.24,34318.94,34378.34,319010000,^DJI
2021-10-13,34372.71,34449.83,34115.10,34377.81,316220000,^DJI
2021-10-14,34443.22,34923.83,34443.22,34912.56,338540000,^DJI
2021-10-15,35023.63,35320.97,35023.63,35294.76,327870000,^DJI
2021-10-18,35221.02,35327.57,35035.94,35258.61,312640000,^DJI
2021-10-19,35325.37,35462.68,35290.12,35457.31,278510000,^DJI
2021-10-20,35475.16,35669.69,35465.71,35609.34,265750000,^DJI
2021-10-21,35520.32,35612.36,35442.53,35603.08,298390000,^DJI
2021-10-22,35607.72,35765.02,35533.95,35677.02,346290000,^DJI
2021-10-25,35692.62,35787.04,35629.37,35741.15,267220000,^DJI
2021-10-26,35791.05,35892.92,35734.73,35756.88,321910000,^DJI
2021-10-27,35835.43,35835.43,35490.43,35490.69,354180000,^DJI
2021-10-28,35545.41,35742.25,35545.41,35730.48,337400000,^DJI
2021-10-29,35712.28,35852.53,35633.20,35819.56,399400000,^DJI
2021-11-01,35833.65,36009.74,35797.97,35913.84,292880000,^DJI
2021-11-02,35935.11,36088.81,35884.13,36052.63,304510000,^DJI
2021-11-03,36059.09,36178.51,35891.73,36157.58,262540000,^DJI
2021-11-04,36107.46,36168.03,35986.48,36124.23,307640000,^DJI
2021-11-05,36268.75,36484.75,36190.20,36327.95,344600000,^DJI
2021-11-08,36416.46,36565.73,36334.42,36432.22,284400000,^DJI
2021-11-09,36404.53,36416.98,36173.07,36319.98,258020000,^DJI
2021-11-10,36299.25,36346.61,36009.50,36079.94,278390000,^DJI
2021-11-11,36038.78,36108.17,35915.27,35921.23,270320000,^DJI
2021-11-12,35963.78,36147.63,35934.59,36100.31,293180000,^DJI
2021-11-15,36128.83,36236.07,36031.78,36087.45,280660000,^DJI
2021-11-16,36076.18,36316.61,36076.18,36142.22,308290000,^DJI
2021-11-17,36159.70,36159.70,35909.48,35931.05,358310000,^DJI
2021-11-18,35901.69,35952.63,35654.39,35870.95,435080000,^DJI
2021-11-19,35879.09,35879.09,35555.37,35601.98,408840000,^DJI
2021-11-22,35631.41,35929.66,35615.55,35619.25,420810000,^DJI
2021-11-23,35619.92,35841.52,35542.87,35813.80,392520000,^DJI
2021-11-24,35752.31,35825.47,35591.03,35804.38,280960000,^DJI
2021-11-26,35366.69,35366.69,34749.80,34899.34,324580000,^DJI
2021-11-29,35017.71,35287.91,34895.89,35135.94,416040000,^DJI
2021-11-30,35056.99,35056.99,34424.44,34483.72,678800000,^DJI
2021-12-01,34678.94,35004.64,34006.98,34022.04,496000000,^DJI
2021-12-02,34076.25,34759.65,34076.25,34639.79,466900000,^DJI
2021-12-03,34692.78,34801.31,34264.57,34580.08,439550000,^DJI
2021-12-06,34633.43,35356.75,34633.43,35227.03,416720000,^DJI
2021-12-07,35423.99,35819.47,35423.99,35719.43,474940000,^DJI
2021-12-08,35716.85,35840.52,35602.65,35754.75,387650000,^DJI
2021-12-09,35722.26,35864.24,35577.14,35754.69,353020000,^DJI
2021-12-10,35830.55,35982.69,35710.43,35970.99,361200000,^DJI
2021-12-13,35958.93,35958.93,35609.53,35650.95,441110000,^DJI
2021-12-14,35605.73,35779.47,35441.74,35544.18,440900000,^DJI
2021-12-15,35549.35,35943.84,35389.30,35927.43,424720000,^DJI
2021-12-16,36036.28,36189.83,35778.21,35897.64,473620000,^DJI
2021-12-17,35800.11,35800.11,35284.26,35365.44,750480000,^DJI
2021-12-20,35222.12,35222.12,34665.50,34932.16,386590000,^DJI
2021-12-21,35069.50,35508.96,35069.50,35492.70,346080000,^DJI
2021-12-22,35491.71,35764.67,35433.13,35753.89,281930000,^DJI
2021-12-23,35782.42,36060.99,35782.42,35950.56,247420000,^DJI
2021-12-27,35954.48,36306.61,35954.48,36302.38,244350000,^DJI
2021-12-28,36302.99,36527.26,36302.99,36398.21,239090000,^DJI
2021-12-29,36421.14,36571.55,36396.19,36488.63,213480000,^DJI
2021-12-30,36522.48,36679.44,36372.13,36398.08,205620000,^DJI
2021-12-31,36385.85,36484.94,36303.97,36338.30,213200000,^DJI
2022-01-03,36321.59,36595.82,36246.45,36585.06,347930000,^DJI
2022-01-04,36636.00,36934.84,36636.00,36799.65,435080000,^DJI
2022-01-05,36722.60,36952.65,36400.39,36407.11,462040000,^DJI
2022-01-06,36409.05,36464.19,36200.68,36236.47,385890000,^DJI
2022-01-07,36249.59,36382.84,36111.53,36231.66,356110000,^DJI
2022-01-10,36175.21,36175.21,35639.91,36068.87,430680000,^DJI
2022-01-11,36058.85,36271.47,35769.38,36252.02,356850000,^DJI
2022-01-12,36336.16,36453.49,36168.15,36290.32,310180000,^DJI
2022-01-13,36312.49,36513.88,36044.22,36113.62,343640000,^DJI
2022-01-14,35996.43,35996.43,35641.49,35911.81,389200000,^DJI
2022-01-18,35661.76,35661.76,35262.02,35368.47,427260000,^DJI
2022-01-19,35412.30,35547.83,35015.49,35028.65,393080000,^DJI
2022-01-20,35102.66,35490.20,34670.12,34715.39,369070000,^DJI
2022-01-21,34701.69,34896.67,34229.55,34265.37,523880000,^DJI
2022-01-24,34070.61,34420.99,33150.33,34364.50,664010000,^DJI
2022-01-25,34186.64,34591.04,33545.52,34297.73,506430000,^DJI
2022-01-26,34520.82,34815.67,33876.48,34168.09,546330000,^DJI
2022-01-27,34261.75,34773.32,34007.78,34160.78,527780000,^DJI
2022-01-28,34135.24,34731.77,33807.51,34725.47,568440000,^DJI
2022-01-31,34691.17,35148.14,34496.10,35131.86,468070000,^DJI
2022-02-01,35151.47,35441.09,34977.95,35405.24,386080000,^DJI
2022-02-02,35378.19,35679.20,35290.12,35629.33,359540000,^DJI
2022-02-03,35520.08,35535.94,35071.06,35111.16,381020000,^DJI
2022-02-04,35095.74,35333.55,34799.08,35089.74,349880000,^DJI
2022-02-07,35108.38,35325.01,34993.98,35091.13,328910000,^DJI
2022-02-08,35160.68,35544.89,35090.42,35462.78,319190000,^DJI
2022-02-09,35614.90,35824.28,35614.90,35768.06,333610000,^DJI
2022-02-10,35630.81,35800.24,35100.72,35241.59,411620000,^DJI
2022-02-11,35267.89,35431.15,34620.52,34738.06,398860000,^DJI
2022-02-14,34694.50,34744.56,34304.28,34566.17,370320000,^DJI
2022-02-15,34686.19,35047.79,34686.19,34988.84,305670000,^DJI
2022-02-16,34951.83,35042.09,34642.64,34934.27,294410000,^DJI
2022-02-17,34858.47,34858.47,34246.23,34312.03,348720000,^DJI
2022-02-18,34310.45,34423.58,33976.18,34079.18,414080000,^DJI
2022-02-22,33974.09,34024.74,33364.29,33596.61,432090000,^DJI
2022-02-23,33680.97,33832.59,33084.90,33131.76,370600000,^DJI
2022-02-24,32830.33,33269.34,32272.64,33223.83,590850000,^DJI
2022-02-25,33277.22,34095.74,33277.22,34058.75,417630000,^DJI
2022-02-28,33870.62,33963.63,33469.31,33892.60,443460000,^DJI
2022-03-01,33813.48,33870.14,33107.67,33294.95,438730000,^DJI
2022-03-02,33379.51,34013.67,33379.51,33891.35,400920000,^DJI
2022-03-03,33972.87,34179.07,33641.53,33794.66,369740000,^DJI
2022-03-04,33655.43,33655.43,33254.12,33614.80,408390000,^DJI
2022-03-07,33579.75,33579.75,32806.15,32817.38,488400000,^DJI
2022-03-08,32885.17,33402.98,32578.73,32632.64,553750000,^DJI
2022-03-09,32860.42,33457.28,32860.42,33286.25,418670000,^DJI
2022-03-10,33106.77,33236.59,32819.76,33174.07,399480000,^DJI
2022-03-11,33279.72,33515.61,32911.89,32944.19,369480000,^DJI
2022-03-14,33000.37,33395.59,32818.16,32945.24,394940000,^DJI
2022-03-15,32989.27,33620.84,32989.27,33544.34,388810000,^DJI
2022-03-16,33653.93,34075.94,33391.24,34063.10,427400000,^DJI
2022-03-17,33995.39,34483.92,33896.06,34480.76,339470000,^DJI
2022-03-18,34466.72,34755.20,34279.83,34754.93,615420000,^DJI
2022-03-21,34669.85,34808.28,34341.81,34552.99,408490000,^DJI
2022-03-22,34583.24,34882.03,34583.24,34807.46,368550000,^DJI
2022-03-23,34748.84,34748.84,34352.96,34358.50,347880000,^DJI
2022-03-24,34406.81,34713.56,34355.42,34707.94,324870000,^DJI
2022-03-25,34702.39,34942.70,34631.52,34861.24,285440000,^DJI
2022-03-28,34833.03,34957.93,34552.23,34955.89,299790000,^DJI
2022-03-29,35114.35,35372.26,35030.07,35294.19,355050000,^DJI
2022-03-30,35273.63,35361.36,35058.58,35228.81,317320000,^DJI
2022-03-31,35201.52,35201.52,34677.99,34678.35,433400000,^DJI
2022-04-01,34740.89,34847.91,34538.25,34818.27,340400000,^DJI
2022-04-04,34799.98,34940.78,34615.38,34921.88,316570000,^DJI
2022-04-05,34876.33,35112.21,34566.04,34641.18,304010000,^DJI
2022-04-06,34520.34,34609.84,34277.17,34496.51,386250000,^DJI
2022-04-07,34439.24,34705.83,34190.95,34583.57,319870000,^DJI
2022-04-08,34569.24,34908.46,34470.19,34721.12,301750000,^DJI
2022-04-11,34630.27,34701.34,34272.29,34308.08,333290000,^DJI
2022-04-12,34412.51,34669.97,34102.81,34220.36,333510000,^DJI
2022-04-13,34166.64,34598.36,34140.64,34564.59,313630000,^DJI
2022-04-14,34628.46,34889.17,34437.50,34451.23,353680000,^DJI
2022-04-18,34411.49,34618.29,34279.08,34411.69,264110000,^DJI
2022-04-19,34394.62,34983.11,34394.62,34911.20,296350000,^DJI
2022-04-20,34962.67,35315.40,34962.67,35160.79,337620000,^DJI
2022-04-21,35258.80,35492.22,34723.82,34792.76,366390000,^DJI
2022-04-22,34727.38,34727.38,33773.39,33811.40,373280000,^DJI
2022-04-25,33731.65,34106.01,33323.37,34049.46,416900000,^DJI
2022-04-26,33907.49,33909.51,33230.95,33240.18,400020000,^DJI
2022-04-27,33450.92,33697.18,33108.89,33301.93,447230000,^DJI
2022-04-28,33425.96,34054.79,33248.46,33916.39,440380000,^DJI
2022-04-29,33787.01,33919.59,32913.15,32977.21,501560000,^DJI
2022-05-02,32978.49,33224.95,32449.87,33061.50,453390000,^DJI
2022-05-03,33086.09,33341.58,32914.75,33128.79,364420000,^DJI
2022-05-04,33171.80,34117.74,33021.84,34061.06,411060000,^DJI
2022-05-05,33854.17,33854.17,32685.10,32997.97,448420000,^DJI
2022-05-06,32773.88,33055.84,32474.69,32899.37,416520000,^DJI
2022-05-09,32685.17,32685.17,32121.98,32245.70,470770000,^DJI
2022-05-10,32504.09,32752.17,31887.89,32160.74,439290000,^DJI
2022-05-11,32123.24,32584.02,31798.86,31834.11,458460000,^DJI
2022-05-12,31699.04,31914.46,31228.22,31730.30,544240000,^DJI
2022-05-13,31963.86,32276.05,31862.79,32196.66,388520000,^DJI
2022-05-16,32152.15,32514.02,31928.18,32223.42,330030000,^DJI
2022-05-17,32427.00,32689.14,32308.15,32654.59,389310000,^DJI
2022-05-18,32468.67,32468.67,31393.95,31490.07,465060000,^DJI
2022-05-19,31262.62,31569.13,31016.41,31253.13,517190000,^DJI
2022-05-20,31426.94,31515.78,30635.76,31261.90,495510000,^DJI
2022-05-23,31395.89,31968.42,31395.89,31880.24,402010000,^DJI
2022-05-24,31717.61,32014.86,31365.59,31928.62,382950000,^DJI
2022-05-25,31816.31,32254.44,31754.33,32120.28,343460000,^DJI
2022-05-26,32248.17,32774.14,32248.17,32637.19,351220000,^DJI
2022-05-27,32735.09,33213.62,32682.01,33212.96,328770000,^DJI
2022-05-31,33160.59,33240.22,32752.34,32990.12,533560000,^DJI
2022-06-01,33156.31,33272.34,32584.76,32813.23,338210000,^DJI
2022-06-02,32809.01,33248.61,32509.43,33248.28,333210000,^DJI
2022-06-03,32986.32,33135.61,32839.21,32899.70,298570000,^DJI
2022-06-06,33032.04,33235.37,32819.50,32915.78,253010000,^DJI
2022-06-07,32783.03,33207.45,32641.85,33180.14,270750000,^DJI
2022-06-08,33087.07,33156.50,32824.37,32910.90,270470000,^DJI
2022-06-09,32828.62,32956.73,32267.78,32272.79,289710000,^DJI
2022-06-10,32053.52,32053.52,31387.84,31392.79,362300000,^DJI
2022-06-13,31144.91,31144.91,30373.72,30516.74,472290000,^DJI
2022-06-14,30592.34,30690.80,30144.23,30364.83,366800000,^DJI
2022-06-15,30570.50,31011.97,30185.08,30668.53,392670000,^DJI
2022-06-16,30305.74,30305.74,29740.35,29927.07,442910000,^DJI
2022-06-17,29912.70,30167.52,29653.29,29888.78,692830000,^DJI
2022-06-21,30074.69,30653.98,30074.69,30530.25,376900000,^DJI
2022-06-22,30352.57,30777.92,30166.01,30483.13,343490000,^DJI
2022-06-23,30570.33,30715.63,30293.40,30677.36,361420000,^DJI
2022-06-24,30846.94,31517.29,30846.94,31500.68,465480000,^DJI
2022-06-27,31533.60,31598.59,31351.37,31438.26,309910000,^DJI
2022-06-28,31549.05,31885.09,30934.33,30946.99,350780000,^DJI
2022-06-29,31067.41,31152.96,30894.53,31029.31,269390000,^DJI
2022-06-30,30790.00,30979.85,30431.87,30775.43,394070000,^DJI
2022-07-01,30737.77,31139.35,30487.79,31097.26,310440000,^DJI
2022-07-05,30903.12,30971.74,30355.12,30967.82,323080000,^DJI
2022-07-06,30957.30,31224.69,30794.84,31037.68,289800000,^DJI
2022-07-07,31190.65,31421.84,31154.64,31384.55,296620000,^DJI
2022-07-08,31348.43,31511.46,31212.45,31338.15,238120000,^DJI
2022-07-11,31277.98,31367.55,31114.40,31173.84,245020000,^DJI
2022-07-12,31113.31,31346.10,30860.51,30981.33,324190000,^DJI
2022-07-13,30743.63,30979.17,30514.61,30772.79,291830000,^DJI
2022-07-14,30451.80,30680.12,30143.93,30630.17,325130000,^DJI
2022-07-15,30775.37,31288.26,30775.37,31288.26,321570000,^DJI
2022-07-18,31475.98,31644.68,30982.97,31072.61,309960000,^DJI
2022-07-19,31165.91,31842.25,31165.91,31827.05,378720000,^DJI
2022-07-20,31829.99,31944.45,31646.95,31874.84,313520000,^DJI
2022-07-21,31826.49,32040.63,31534.08,32036.90,302320000,^DJI
2022-07-22,32167.92,32219.25,31731.47,31899.29,319880000,^DJI
2022-07-25,31950.93,32029.03,31821.67,31990.04,255450000,^DJI
2022-07-26,31950.04,31950.04,31705.36,31761.54,324930000,^DJI
2022-07-27,31865.05,32336.23,31799.43,32197.59,365480000,^DJI
2022-07-28,32197.62,32609.54,31982.61,32529.63,331110000,^DJI
2022-07-29,32515.62,32910.18,32493.02,32845.13,487360000,^DJI
2022-08-01,32755.71,32972.03,32640.79,32798.40,321180000,^DJI
2022-08-02,32691.29,32772.93,32387.12,32396.17,316740000,^DJI
2022-08-03,32514.21,32912.74,32514.21,32812.50,342160000,^DJI
2022-08-04,32805.69,32829.22,32652.63,32726.82,315590000,^DJI
2022-08-05,32593.90,32814.61,32489.62,32803.47,273010000,^DJI
2022-08-08,32877.36,33109.96,32769.10,32832.54,275350000,^DJI
2022-08-09,32807.36,32877.53,32702.66,32774.41,281080000,^DJI
2022-08-10,33130.63,33364.41,33130.63,33309.51,311740000,^DJI
2022-08-11,33451.51,33651.80,33289.83,33336.67,308030000,^DJI
2022-08-12,33430.72,33767.09,33398.32,33761.05,299140000,^DJI
2022-08-15,33710.70,33954.71,33582.96,33912.44,262670000,^DJI
2022-08-16,33924.35,34281.36,33852.57,34152.01,288670000,^DJI
2022-08-17,34029.55,34161.01,33828.41,33980.32,281390000,^DJI
2022-08-18,33981.86,34043.83,33844.46,33999.04,282550000,^DJI
2022-08-19,33904.69,33904.69,33627.09,33706.74,293990000,^DJI
2022-08-22,33586.59,33586.59,33007.63,33063.61,308900000,^DJI
2022-08-23,33033.52,33138.26,32858.89,32909.59,251870000,^DJI
2022-08-24,32899.01,33095.50,32828.56,32969.23,256900000,^DJI
2022-08-25,33029.27,33306.09,32889.85,33291.78,308530000,^DJI
2022-08-26,33293.43,33364.70,32278.22,32283.40,352850000,^DJI
2022-08-29,32188.00,32325.16,31972.79,32098.99,317820000,^DJI
2022-08-30,32163.84,32205.66,31647.22,31790.87,317150000,^DJI
2022-08-31,31827.15,31966.04,31509.59,31510.43,392780000,^DJI
2022-09-01,31454.58,31677.51,31219.75,31656.42,339360000,^DJI
2022-09-02,31848.50,32026.90,31182.09,31318.44,306180000,^DJI
2022-09-06,31343.79,31463.89,31048.46,31145.30,347320000,^DJI
2022-09-07,31145.63,31644.34,31095.21,31581.28,345080000,^DJI
2022-09-08,31481.95,31783.37,31321.50,31774.52,344340000,^DJI
2022-09-09,31876.22,32227.74,31876.22,32151.71,310980000,^DJI
2022-09-12,32159.49,32504.04,32159.49,32381.34,339250000,^DJI
2022-09-13,32006.50,32006.50,31018.54,31104.97,428930000,^DJI
2022-09-14,31141.02,31276.82,30885.02,31135.09,348670000,^DJI
2022-09-15,31124.68,31277.69,30882.08,30961.82,345500000,^DJI
2022-09-16,30866.61,30866.61,30550.08,30822.42,627920000,^DJI
2022-09-19,30722.86,31026.89,30559.37,31019.68,291200000,^DJI
2022-09-20,30888.53,30888.53,30465.91,30706.23,317970000,^DJI
2022-09-21,30819.39,31020.79,30181.99,30183.78,354960000,^DJI
2022-09-22,30204.52,30302.28,29994.53,30076.68,335270000,^DJI
2022-09-23,29955.65,29955.65,29250.47,29590.41,388200000,^DJI
2022-09-26,29536.84,29630.77,29161.12,29260.81,369450000,^DJI
2022-09-27,29419.88,29659.12,28958.22,29134.99,355460000,^DJI
2022-09-28,29198.92,29811.78,29114.97,29683.74,436040000,^DJI
2022-09-29,29513.73,29513.73,28997.34,29225.61,388820000,^DJI
2022-09-30,29123.03,29355.78,28715.85,28725.51,464260000,^DJI
2022-10-03,28855.25,29647.79,28855.25,29490.89,397830000,^DJI
2022-10-04,29826.67,30325.05,29826.67,30316.32,375640000,^DJI
2022-10-05,30078.36,30454.46,29886.44,30273.87,290610000,^DJI
2022-10-06,30206.13,30329.61,29859.34,29926.94,306840000,^DJI
2022-10-07,29685.27,29685.27,29142.66,29296.79,367950000,^DJI
2022-10-10,29419.09,29485.82,29010.41,29202.88,315410000,^DJI
2022-10-11,29085.20,29608.42,29074.23,29239.19,352920000,^DJI
2022-10-12,29233.06,29455.12,29136.03,29210.85,304420000,^DJI
2022-10-13,28755.83,30168.54,28660.94,30038.72,470260000,^DJI
2022-10-14,30192.21,30428.82,29614.30,29634.83,379090000,^DJI
2022-10-17,30059.58,30311.95,29997.62,30185.82,369820000,^DJI
2022-10-18,30697.52,30837.90,30301.83,30523.80,387130000,^DJI
2022-10-19,30439.04,30662.11,30226.90,30423.81,314030000,^DJI
2022-10-20,30411.92,30822.96,30265.20,30333.59,333190000,^DJI
2022-10-21,30291.18,31119.27,30206.28,31082.56,418190000,^DJI
2022-10-24,31187.32,31603.63,31161.41,31499.62,345040000,^DJI
2022-10-25,31463.65,31876.15,31423.53,31836.74,336930000,^DJI
2022-10-26,31738.44,32172.42,31738.44,31839.11,430400000,^DJI
2022-10-27,32062.14,32388.42,31993.21,32033.28,375720000,^DJI
2022-10-28,32204.31,32889.81,32158.38,32861.80,495830000,^DJI
2022-10-31,32754.27,32883.86,32586.93,32732.95,390890000,^DJI
2022-11-01,32862.79,32975.48,32485.23,32653.20,323210000,^DJI
2022-11-02,32576.28,33071.93,32139.77,32147.76,398430000,^DJI
2022-11-03,31985.05,32185.71,31727.05,32001.25,354440000,^DJI
2022-11-04,32265.01,32611.52,31938.92,32403.22,422370000,^DJI
2022-11-07,32454.10,32895.59,32424.99,32827.00,336300000,^DJI
2022-11-08,32934.56,33355.39,32831.46,33160.83,335340000,^DJI
2022-11-09,33004.47,33065.11,32478.87,32513.94,355200000,^DJI
2022-11-10,33263.91,33727.73,33167.82,33715.37,480130000,^DJI
2022-11-11,33797.75,33817.96,33394.43,33747.86,427790000,^DJI
2022-11-14,33662.05,33964.30,33533.96,33536.70,354340000,^DJI
2022-11-15,33755.94,33987.06,33320.20,33592.92,390610000,^DJI
2022-11-16,33554.93,33682.83,33516.99,33553.83,301560000,^DJI
2022-11-17,33329.27,33616.02,33239.75,33546.32,319210000,^DJI
2022-11-18,33606.59,33827.94,33540.64,33745.69,312950000,^DJI
2022-11-21,33760.30,33864.59,33559.18,33700.28,352960000,^DJI
2022-11-22,33810.05,34115.70,33810.05,34098.10,277070000,^DJI
2022-11-23,34091.57,34262.07,34004.64,34194.06,236820000,^DJI
2022-11-25,34213.04,34386.51,34199.57,34347.03,131660000,^DJI
2022-11-28,34275.91,34303.88,33799.35,33849.46,300330000,^DJI
2022-11-29,33847.80,33933.91,33662.45,33852.53,279750000,^DJI
2022-11-30,33795.43,34589.77,33583.77,34589.77,524440000,^DJI
2022-12-01,34533.59,34595.51,34129.35,34395.01,348720000,^DJI
2022-12-02,34265.45,34483.21,34039.73,34429.88,290580000,^DJI
2022-12-05,34335.73,34335.73,33846.81,33947.10,312960000,^DJI
2022-12-06,33936.87,34006.63,33418.59,33596.34,306220000,^DJI
2022-12-07,33556.40,33774.27,33503.67,33597.92,359980000,^DJI
2022-12-08,33695.97,33899.17,33642.46,33781.48,271830000,^DJI
2022-12-09,33746.71,33844.63,33462.65,33476.46,287630000,^DJI
2022-12-12,33519.50,34005.04,33519.50,34005.04,313440000,^DJI
2022-12-13,34268.44,34712.28,33890.88,34108.64,442650000,^DJI
2022-12-14,34086.07,34395.65,33704.17,33966.35,339090000,^DJI
2022-12-15,33773.00,33773.00,33016.16,33202.22,394290000,^DJI
2022-12-16,33166.46,33166.46,32654.59,32920.46,756310000,^DJI
2022-12-19,32921.45,33038.94,32581.97,32757.54,326430000,^DJI
2022-12-20,32735.24,32992.23,32649.45,32849.74,303970000,^DJI
2022-12-21,33028.09,33437.84,33028.09,33376.48,328020000,^DJI
2022-12-22,33233.35,33233.35,32573.43,33027.49,340640000,^DJI
2022-12-23,32961.06,33226.14,32814.02,33203.93,221050000,^DJI
2022-12-27,33224.23,33387.72,33069.58,33241.56,246010000,^DJI
2022-12-28,33264.76,33379.55,32869.15,32875.71,252260000,^DJI
2022-12-29,33021.43,33293.42,33020.35,33220.80,243060000,^DJI
2022-12-30,33121.61,33152.55,32847.82,33147.25,295500000,^DJI
2023-01-03,33148.90,33387.52,32850.57,33136.37,355930000,^DJI
2023-01-04,33165.14,33409.10,33033.48,33269.77,379400000,^DJI
2023-01-05,33191.72,33191.72,32812.33,32930.08,337920000,^DJI
2023-01-06,33055.30,33710.66,32997.39,33630.61,360740000,^DJI
2023-01-09,33664.39,33935.11,33487.66,33517.65,327840000,^DJI
2023-01-10,33516.43,33726.54,33421.80,33704.10,268260000,^DJI
2023-01-11,33754.03,33974.69,33711.04,33973.01,301650000,^DJI
2023-01-12,34047.86,34292.67,33792.10,34189.97,308190000,^DJI
2023-01-13,34075.31,34342.32,33915.49,34302.61,274110000,^DJI
2023-01-17,34222.32,34269.97,33860.67,33910.85,353050000,^DJI
2023-01-18,33948.49,34016.53,33269.90,33296.96,351670000,^DJI
2023-01-19,33171.35,33227.49,32982.05,33044.56,319770000,^DJI
2023-01-20,33073.46,33381.95,32948.93,33375.49,367330000,^DJI
2023-01-23,33439.56,33782.88,33316.25,33629.56,355220000,^DJI
2023-01-24,33444.72,33782.92,33310.56,33733.96,299310000,^DJI
2023-01-25,33538.36,33773.09,33273.21,33743.84,341720000,^DJI
2023-01-26,33771.66,33953.79,33635.60,33949.41,327000000,^DJI
2023-01-27,33952.93,34164.33,33830.85,33978.08,441260000,^DJI
2023-01-30,33909.21,34055.29,33695.18,33717.09,343920000,^DJI
2023-01-31,33803.56,34095.23,33664.91,34086.04,360240000,^DJI
2023-02-01,34039.60,34334.70,33581.42,34092.96,370120000,^DJI
2023-02-02,34129.30,34145.14,33814.78,34053.94,429910000,^DJI
2023-02-03,33926.30,34179.58,33813.86,33926.01,425150000,^DJI
2023-02-06,33874.44,33962.84,33683.58,33891.02,296400000,^DJI
2023-02-07,33769.78,34240.00,33634.10,34156.69,361620000,^DJI
2023-02-08,34132.90,34161.65,33899.79,33949.01,324090000,^DJI
2023-02-09,34105.61,34252.57,33607.13,33699.88,347520000,^DJI
2023-02-10,33671.54,33897.31,33591.99,33869.27,288150000,^DJI
2023-02-13,33887.39,34249.60,33887.39,34245.93,302600000,^DJI
2023-02-14,34194.09,34331.47,33827.45,34089.27,288820000,^DJI
2023-02-15,34008.63,34130.49,33833.10,34128.05,267530000,^DJI
2023-02-16,33992.09,34041.16,33686.59,33696.85,317530000,^DJI
2023-02-17,33677.01,33846.64,33517.73,33826.69,302900000,^DJI
2023-02-21,33699.69,33699.69,33115.74,33129.59,348320000,^DJI
2023-02-22,33169.33,33245.97,32948.27,33045.09,321910000,^DJI
2023-02-23,33175.39,33272.40,32795.67,33153.91,288120000,^DJI
2023-02-24,32999.19,32999.19,32643.48,32816.92,277120000,^DJI
2023-02-27,32906.16,33189.28,32814.18,32889.09,243660000,^DJI
2023-02-28,32873.47,32873.47,32636.43,32656.70,303760000,^DJI
2023-03-01,32656.37,32746.15,32500.71,32661.84,292810000,^DJI
2023-03-02,32780.97,33083.45,32665.85,33003.57,317450000,^DJI
2023-03-03,33076.33,33405.82,33008.41,33390.97,300050000,^DJI
2023-03-06,33425.32,33572.22,33383.47,33431.44,329190000,^DJI
2023-03-07,33428.31,33453.25,32838.21,32856.46,299400000,^DJI
2023-03-08,32872.08,32903.44,32612.70,32798.40,242750000,^DJI
2023-03-09,32876.83,32990.46,32190.60,32254.86,315860000,^DJI
2023-03-10,32185.14,32422.10,31783.41,31909.64,397790000,^DJI
2023-03-13,31819.93,32240.35,31624.87,31819.14,429090000,^DJI
2023-03-14,32055.29,32306.59,31805.40,32155.40,391760000,^DJI
2023-03-15,31759.87,31906.47,31429.82,31874.57,420910000,^DJI
2023-03-16,31827.65,32281.61,31571.46,32246.55,440940000,^DJI
2023-03-17,32217.32,32217.32,31728.70,31861.98,712100000,^DJI
2023-03-20,31872.33,32280.07,31872.33,32244.58,357210000,^DJI
2023-03-21,32420.71,32593.68,32346.12,32560.60,363190000,^DJI
2023-03-22,32570.19,32761.89,32020.46,32030.11,325990000,^DJI
2023-03-23,32101.49,32511.49,31864.74,32105.25,335430000,^DJI
2023-03-24,32038.22,32257.24,31805.18,32237.53,317070000,^DJI
2023-03-27,32276.72,32564.00,32276.72,32432.08,291560000,^DJI
2023-03-28,32434.85,32551.01,32295.50,32394.25,248560000,^DJI
2023-03-29,32566.54,32728.04,32539.94,32717.60,314110000,^DJI
2023-03-30,32807.43,32905.80,32682.87,32859.03,283380000,^DJI
2023-03-31,32901.96,33291.00,32901.96,33274.15,353740000,^DJI
2023-04-03,33245.78,33632.90,33245.78,33601.15,311890000,^DJI
2023-04-04,33594.79,33634.72,33275.62,33402.38,283360000,^DJI
2023-04-05,33394.60,33543.84,33376.27,33482.72,286660000,^DJI
2023-04-06,33420.96,33525.96,33325.37,33485.29,258680000,^DJI
2023-04-10,33425.25,33590.24,33343.43,33586.52,232920000,^DJI
2023-04-11,33586.75,33781.29,33586.75,33684.79,241430000,^DJI
2023-04-12,33764.21,33895.43,33593.32,33646.50,260300000,^DJI
2023-04-13,33668.97,34054.99,33605.17,34029.69,277230000,^DJI
2023-04-14,33981.71,34082.94,33730.85,33886.47,276720000,^DJI
2023-04-17,33930.46,33991.23,33796.91,33987.18,234530000,^DJI
2023-04-18,33965.16,34018.62,33791.89,33976.63,253570000,^DJI
2023-04-19,33889.83,33957.98,33814.65,33897.01,251490000,^DJI
2023-04-20,33740.60,33875.39,33677.74,33786.62,307910000,^DJI
2023-04-21,33793.60,33858.83,33688.57,33808.96,291080000,^DJI
2023-04-24,33805.04,33891.15,33726.09,33875.40,252020000,^DJI
2023-04-25,33828.34,33875.49,33525.39,33530.83,297880000,^DJI
2023-04-26,33596.34,33645.83,33235.85,33301.87,321170000,^DJI
2023-04-27,33381.66,33859.75,33374.65,33826.16,343240000,^DJI
2023-04-28,33797.43,34104.56,33728.40,34098.16,354310000,^DJI
2023-05-01,34116.81,34257.83,34030.14,34051.70,244190000,^DJI
2023-05-02,34017.62,34017.75,33436.66,33684.53,274460000,^DJI
2023-05-03,33726.64,33811.84,33396.05,33414.24,286900000,^DJI
2023-05-04,33347.78,33354.86,32937.50,33127.74,305160000,^DJI
2023-05-05,33248.55,33748.43,33248.55,33674.38,316350000,^DJI
2023-05-08,33715.15,33747.49,33509.23,33618.69,225680000,^DJI
2023-05-09,33589.85,33656.40,33509.72,33561.81,232940000,^DJI
2023-05-10,33707.20,33772.09,33239.45,33531.33,271180000,^DJI
2023-05-11,33383.89,33389.88,33127.70,33309.51,298000000,^DJI
2023-05-12,33370.58,33406.40,33110.61,33300.62,227570000,^DJI
2023-05-15,33321.21,33400.30,33161.93,33348.60,224020000,^DJI
2023-05-16,33275.37,33290.85,33006.19,33012.14,246680000,^DJI
2023-05-17,33092.48,33472.38,33050.41,33420.77,307130000,^DJI
2023-05-18,33374.56,33579.91,33212.09,33535.91,333070000,^DJI
2023-05-19,33582.95,33652.90,33336.66,33426.63,315210000,^DJI
2023-05-22,33408.54,33512.30,33207.85,33286.58,268900000,^DJI
2023-05-23,33190.60,33310.17,33013.29,33055.51,291550000,^DJI
2023-05-24,33021.76,33031.75,32752.44,32799.92,246180000,^DJI
2023-05-25,32854.26,32870.43,32586.56,32764.65,364670000,^DJI
2023-05-26,32795.50,33162.06,32795.50,33093.34,330290000,^DJI
2023-05-30,33103.65,33132.70,32893.97,33042.78,322700000,^DJI
2023-05-31,32948.71,32984.83,32739.73,32908.27,689990000,^DJI
2023-06-01,32929.85,33167.75,32704.51,33061.57,349460000,^DJI
2023-06-02,33187.58,33805.00,33187.58,33762.76,383590000,^DJI
2023-06-05,33771.13,33804.22,33552.79,33562.86,367170000,^DJI
2023-06-06,33547.67,33631.25,33399.69,33573.28,294070000,^DJI
2023-06-07,33562.47,33708.78,33546.11,33665.02,347400000,^DJI
2023-06-08,33656.98,33873.81,33630.04,33833.61,269160000,^DJI
2023-06-09,33852.44,33975.32,33787.16,33876.78,262310000,^DJI
2023-06-12,33906.80,34077.84,33878.46,34066.33,308130000,^DJI
2023-06-13,34111.08,34310.28,34107.98,34212.12,308790000,^DJI
2023-06-14,34044.70,34151.42,33783.55,33979.33,354910000,^DJI
2023-06-15,33945.98,34488.98,33945.98,34408.06,361400000,^DJI
2023-06-16,34464.02,34588.68,34285.69,34299.12,595230000,^DJI
2023-06-20,34206.66,34206.66,33915.93,34053.87,334810000,^DJI
2023-06-21,33990.56,34097.93,33876.17,33951.52,323690000,^DJI
2023-06-22,33900.47,34003.56,33835.39,33946.71,275600000,^DJI
2023-06-23,33835.66,33835.66,33646.49,33727.43,379800000,^DJI
2023-06-26,33730.79,33819.49,33610.32,33714.71,265330000,^DJI
2023-06-27,33739.03,33975.65,33730.39,33926.74,293210000,^DJI
2023-06-28,33881.38,33903.76,33755.92,33852.66,268050000,^DJI
2023-06-29,33854.57,34147.68,33828.63,34122.42,279940000,^DJI
2023-06-30,34269.92,34467.35,34269.92,34407.60,351060000,^DJI
2023-07-03,34369.78,34465.60,34286.54,34418.47,157590000,^DJI
2023-07-05,34344.72,34376.11,34226.98,34288.64,274570000,^DJI
2023-07-06,34171.39,34171.39,33771.47,33922.26,293840000,^DJI
2023-07-07,33837.07,34036.38,33716.75,33734.88,272730000,^DJI
2023-07-10,33705.68,33958.36,33705.68,33944.40,299200000,^DJI
2023-07-11,34056.94,34288.87,33993.01,34261.42,278940000,^DJI
2023-07-12,34395.28,34586.94,34308.78,34347.43,331410000,^DJI
2023-07-13,34412.31,34482.26,34365.33,34395.14,267180000,^DJI
2023-07-14,34425.33,34592.26,34425.33,34509.03,293540000,^DJI
2023-07-17,34499.74,34665.15,34418.72,34585.35,359780000,^DJI
2023-07-18,34597.08,34986.36,34530.61,34951.93,385940000,^DJI
2023-07-19,34991.21,35234.05,34991.21,35061.21,365130000,^DJI
2023-07-20,35091.98,35372.77,35091.98,35225.18,340880000,^DJI
2023-07-21,35274.32,35340.66,35186.05,35227.69,465270000,^DJI
2023-07-24,35230.79,35463.97,35230.79,35411.24,284460000,^DJI
2023-07-25,35421.49,35527.57,35365.26,35438.07,299530000,^DJI
2023-07-26,35345.99,35633.61,35306.27,35520.12,346240000,^DJI
2023-07-27,35558.79,35645.35,35216.58,35282.72,352230000,^DJI
2023-07-28,35443.49,35565.51,35355.15,35459.29,369000000,^DJI
2023-07-31,35465.97,35566.95,35430.22,35559.53,327410000,^DJI
2023-08-01,35585.99,35679.13,35526.61,35630.68,259490000,^DJI
2023-08-02,35551.92,35551.92,35226.26,35282.52,298570000,^DJI
2023-08-03,35194.56,35348.20,35122.32,35215.89,254960000,^DJI
2023-08-04,35230.13,35506.88,35033.76,35065.62,338290000,^DJI
2023-08-07,35125.60,35497.38,35125.60,35473.13,300150000,^DJI
2023-08-08,35345.40,35346.64,35007.41,35314.49,303840000,^DJI
2023-08-09,35324.28,35370.89,35058.73,35123.36,306680000,^DJI
2023-08-10,35231.54,35578.58,35107.60,35176.15,337110000,^DJI
2023-08-11,35111.36,35354.60,35059.99,35281.40,277840000,^DJI
2023-08-14,35273.89,35335.45,35169.97,35307.63,300250000,^DJI
2023-08-15,35219.37,35219.37,34908.50,34946.39,323920000,^DJI
2023-08-16,34914.96,35133.56,34757.37,34765.74,332310000,^DJI
2023-08-17,34829.61,34888.48,34440.73,34474.83,392850000,^DJI
2023-08-18,34368.36,34587.07,34263.19,34500.66,320680000,^DJI
2023-08-21,34531.28,34570.96,34248.46,34463.69,396490000,^DJI
2023-08-22,34494.17,34514.04,34256.84,34288.83,279200000,^DJI
2023-08-23,34338.59,34534.72,34321.00,34472.98,360610000,^DJI
2023-08-24,34439.83,34694.68,34093.65,34099.42,342520000,^DJI
2023-08-25,34217.06,34441.91,34029.22,34346.90,257440000,^DJI
2023-08-28,34441.64,34652.91,34441.64,34559.98,224640000,^DJI
2023-08-29,34531.12,34864.42,34531.12,34852.67,262550000,^DJI
2023-08-30,34847.80,35025.57,34811.74,34890.24,236070000,^DJI
2023-08-31,34909.09,35070.21,34719.77,34721.91,341900000,^DJI
2023-09-01,34876.24,34979.18,34720.70,34837.71,286370000,^DJI
2023-09-05,34843.22,34871.26,34635.63,34641.97,283540000,^DJI
2023-09-06,34611.68,34611.68,34291.56,34443.19,308900000,^DJI
2023-09-07,34351.18,34560.86,34351.18,34500.73,386980000,^DJI
2023-09-08,34487.41,34627.85,34473.57,34576.59,293990000,^DJI
2023-09-11,34650.01,34784.52,34578.59,34663.72,291720000,^DJI
2023-09-12,34620.02,34852.61,34560.55,34645.99,318670000,^DJI
2023-09-13,34667.28,34767.11,34509.95,34575.53,295480000,^DJI
2023-09-14,34687.50,34977.97,34687.50,34907.11,305180000,^DJI
2023-09-15,34902.04,34902.04,34572.27,34618.24,582160000,^DJI
2023-09-18,34612.29,34725.06,34545.35,34624.30,252700000,^DJI
2023-09-19,34571.84,34597.56,34311.69,34517.73,282830000,^DJI
2023-09-20,34575.50,34776.28,34434.29,34440.88,291650000,^DJI
2023-09-21,34332.23,34378.30,34058.72,34070.42,331930000,^DJI
2023-09-22,34077.08,34156.15,33947.24,33963.84,268760000,^DJI
2023-09-25,33907.59,34017.53,33780.67,34006.88,229450000,^DJI
2023-09-26,33862.68,33879.93,33569.60,33618.88,280100000,^DJI
2023-09-27,33682.81,33731.65,33306.30,33550.27,300330000,^DJI
2023-09-28,33519.44,33777.90,33473.50,33666.34,275610000,^DJI
2023-09-29,33882.61,33893.68,33407.45,33507.50,319830000,^DJI
2023-10-02,33455.50,33511.91,33219.56,33433.35,275630000,^DJI
2023-10-03,33318.84,33398.54,32916.20,33002.38,293450000,^DJI
2023-10-04,33034.18,33156.45,32873.23,33129.55,287030000,^DJI
2023-10-05,33099.23,33174.38,32941.56,33119.57,277250000,^DJI
2023-10-06,33040.70,33557.69,32846.94,33407.58,332990000,^DJI
2023-10-09,33259.84,33631.81,33253.69,33604.65,228760000,^DJI
2023-10-10,33683.41,33898.22,33604.32,33739.30,255640000,^DJI
2023-10-11,33822.20,33882.55,33612.25,33804.87,256560000,^DJI
2023-10-12,33845.65,33863.80,33455.60,33631.14,289160000,^DJI
2023-10-13,33733.34,33957.72,33551.58,33670.29,306340000,^DJI
2023-10-16,33832.42,34088.98,33832.42,33984.54,270060000,^DJI
2023-10-17,33869.84,34147.63,33854.70,33997.65,281010000,^DJI
2023-10-18,33960.25,33991.51,33598.64,33665.08,285410000,^DJI
2023-10-19,33669.52,33852.39,33368.58,33414.17,304320000,^DJI
2023-10-20,33365.27,33425.77,33118.12,33127.28,325530000,^DJI
2023-10-23,32993.02,33234.85,32892.19,32936.41,342500000,^DJI
2023-10-24,33089.64,33272.19,32988.43,33141.38,359230000,^DJI
2023-10-25,33203.53,33267.91,32989.72,33035.93,355690000,^DJI
2023-10-26,33017.17,33105.03,32743.99,32784.30,379880000,^DJI
2023-10-27,32782.40,32787.56,32327.20,32417.59,376970000,^DJI
2023-10-30,32537.54,33002.97,32537.54,32928.96,298640000,^DJI
2023-10-31,33029.11,33070.28,32787.12,33052.87,306950000,^DJI
2023-11-01,33081.87,33337.15,33010.85,33274.58,307570000,^DJI
2023-11-02,33457.82,33852.96,33450.03,33839.08,304350000,^DJI
2023-11-03,33988.83,34163.63,33946.60,34061.32,311000000,^DJI
2023-11-06,34092.61,34167.26,33989.72,34095.86,265570000,^DJI
2023-11-07,34075.65,34206.98,34026.72,34152.60,281790000,^DJI
2023-11-08,34185.92,34252.75,33996.20,34112.27,280330000,^DJI
2023-11-09,34163.71,34167.54,33859.77,33891.94,325400000,^DJI
2023-11-10,34020.82,34310.36,33905.62,34283.10,302460000,^DJI
2023-11-13,34259.25,34405.84,34205.81,34337.87,245090000,^DJI
2023-11-14,34581.20,34931.01,34581.20,34827.70,328050000,^DJI
2023-11-15,34906.72,35051.10,34868.48,34991.21,347790000,^DJI
2023-11-16,34868.03,35022.46,34818.03,34945.47,435540000,^DJI
2023-11-17,34964.82,35028.22,34882.82,34947.28,334820000,^DJI
2023-11-20,34932.49,35227.48,34907.98,35151.04,331050000,^DJI
2023-11-21,35104.84,35118.04,35038.44,35088.29,271120000,^DJI
2023-11-22,35189.33,35315.20,35155.80,35273.03,237290000,^DJI
2023-11-24,35299.90,35399.44,35299.90,35390.15,117040000,^DJI
2023-11-27,35376.44,35410.37,35280.57,35333.47,258340000,^DJI
2023-11-28,35332.13,35518.67,35307.73,35416.98,256210000,^DJI
2023-11-29,35436.80,35579.13,35405.89,35430.42,299330000,^DJI
2023-11-30,35596.57,35970.70,35592.22,35950.89,435540000,^DJI
2023-12-01,35914.45,36264.85,35914.45,36245.50,321840000,^DJI
2023-12-04,36089.38,36238.18,36029.69,36204.44,329450000,^DJI
2023-12-05,36135.65,36164.68,36010.85,36124.56,309250000,^DJI
2023-12-06,36183.73,36292.58,36024.25,36054.43,283240000,^DJI
2023-12-07,36124.17,36164.17,36021.95,36117.38,287280000,^DJI
2023-12-08,36084.82,36296.20,36061.64,36247.87,295180000,^DJI
2023-12-11,36254.33,36416.18,36231.19,36404.93,342490000,^DJI
2023-12-12,36442.10,36596.11,36373.22,36577.94,292770000,^DJI
2023-12-13,36601.80,37094.85,36523.59,37090.24,354790000,^DJI
2023-12-14,37115.63,37287.50,37051.52,37248.35,455820000,^DJI
2023-12-15,37194.50,37347.60,37092.02,37305.16,788160000,^DJI
2023-12-18,37330.14,37393.45,37284.85,37306.02,292120000,^DJI
2023-12-19,37311.82,37562.83,37311.82,37557.92,272740000,^DJI
2023-12-20,37520.13,37641.30,37073.04,37082.00,303450000,^DJI
2023-12-21,37225.32,37418.76,37127.05,37404.35,253120000,^DJI
2023-12-22,37349.27,37534.52,37268.88,37385.97,252970000,^DJI
2023-12-26,37405.90,37617.99,37371.83,37545.33,212420000,^DJI
2023-12-27,37518.62,37683.70,37488.60,37656.52,245530000,^DJI
2023-12-28,37661.52,37778.85,37650.98,37710.10,199550000,^DJI
2023-12-29,37701.63,37759.43,37538.80,37689.54,234570000,^DJI
2024-01-02,37566.22,37790.08,37495.91,37715.04,350280000,^DJI
2024-01-03,37629.23,37629.23,37401.85,37430.19,322010000,^DJI
2024-01-04,37425.28,37716.41,37425.28,37440.34,380220000,^DJI
2024-01-05,37455.46,37623.62,37323.82,37466.11,299480000,^DJI
2024-01-08,37327.37,37692.92,37249.24,37683.01,362200000,^DJI
2024-01-09,37523.55,37552.38,37373.30,37525.16,289860000,^DJI
2024-01-10,37552.91,37740.77,37524.40,37695.73,279540000,^DJI
2024-01-11,37747.14,37801.90,37424.28,37711.02,299540000,^DJI
2024-01-12,37818.05,37825.27,37470.19,37592.98,279250000,^DJI
2024-01-16,37493.54,37543.18,37201.39,37361.12,378280000,^DJI
2024-01-17,37281.86,37371.66,37132.89,37266.67,290880000,^DJI
2024-01-18,37300.81,37522.29,37122.95,37468.61,340620000,^DJI
2024-01-19,37572.50,37933.73,37451.71,37863.80,377650000,^DJI
2024-01-22,37919.55,38109.20,37911.61,38001.81,339560000,^DJI
2024-01-23,37959.79,37980.73,37804.99,37905.45,334110000,^DJI
2024-01-24,37975.37,38064.22,37795.71,37806.39,336090000,^DJI
2024-01-25,37862.57,38057.53,37796.47,38049.13,402970000,^DJI
2024-01-26,38006.68,38215.31,37997.77,38109.43,387000000,^DJI
2024-01-29,38115.83,38343.93,38061.17,38333.45,312480000,^DJI
2024-01-30,38298.23,38497.39,38257.80,38467.31,326640000,^DJI
2024-01-31,38426.78,38588.86,38139.66,38150.30,453250000,^DJI
2024-02-01,38175.34,38522.50,38106.84,38519.84,321830000,^DJI
2024-02-02,38448.10,38783.62,38336.57,38654.42,379760000,^DJI
2024-02-05,38546.77,38633.88,38220.40,38380.12,322290000,^DJI
2024-02-06,38392.90,38545.28,38350.46,38521.36,276140000,^DJI
2024-02-07,38613.89,38748.11,38571.01,38677.36,302210000,^DJI
2024-02-08,38702.11,38755.68,38544.36,38726.33,315510000,^DJI
2024-02-09,38731.97,38734.28,38567.90,38671.69,299970000,^DJI
2024-02-12,38656.76,38927.08,38628.92,38797.38,273020000,^DJI
2024-02-13,38699.17,38699.17,38039.86,38272.75,318390000,^DJI
2024-02-14,38372.67,38442.56,38194.62,38424.27,274610000,^DJI
2024-02-15,38397.94,38781.89,38397.94,38773.12,303840000,^DJI
2024-02-16,38751.71,38825.03,38583.24,38627.99,282210000,^DJI
2024-02-20,38576.26,38663.09,38460.20,38563.80,335990000,^DJI
2024-02-21,38483.66,38618.03,38338.58,38612.24,279510000,^DJI
2024-02-22,38845.19,39149.61,38802.07,39069.11,324630000,^DJI
2024-02-23,39127.97,39282.28,39094.36,39131.53,286910000,^DJI
2024-02-26,39144.79,39245.89,39025.80,39069.23,296930000,^DJI
2024-02-27,39087.90,39087.90,38881.90,38972.41,272860000,^DJI
2024-02-28,38938.08,38956.46,38741.68,38949.02,272560000,^DJI
2024-02-29,39013.75,39074.13,38809.28,38996.39,519690000,^DJI
2024-03-01,38989.51,39120.36,38850.50,39087.38,331030000,^DJI
2024-03-04,38968.77,39087.86,38913.30,38989.83,386290000,^DJI
2024-03-05,38906.98,38906.98,38457.83,38585.19,393750000,^DJI
2024-03-06,38721.15,38858.13,38570.80,38661.05,347900000,^DJI
2024-03-07,38784.30,38910.35,38730.13,38791.35,335580000,^DJI
2024-03-08,38776.80,38971.15,38705.03,38722.69,342030000,^DJI
2024-03-11,38667.21,38794.76,38483.25,38769.66,300190000,^DJI
2024-03-12,38883.32,39071.56,38711.39,39005.49,329090000,^DJI
2024-03-13,39054.58,39201.94,38937.92,39043.32,330930000,^DJI
2024-03-14,39122.39,39160.25,38704.36,38905.66,375810000,^DJI
2024-03-15,38809.65,38928.13,38618.20,38714.77,774360000,^DJI
2024-03-18,38826.93,38898.41,38760.79,38790.43,327950000,^DJI
2024-03-19,38819.61,39122.71,38761.28,39110.76,310610000,^DJI
2024-03-20,39072.05,39529.13,38988.65,39512.13,350050000,^DJI
2024-03-21,39661.03,39889.05,39589.23,39781.37,408990000,^DJI
2024-03-22,39774.06,39824.76,39469.53,39475.90,332340000,^DJI
2024-03-25,39410.54,39430.17,39296.03,39313.64,323670000,^DJI
2024-03-26,39338.32,39439.44,39277.19,39282.33,306940000,^DJI
2024-03-27,39461.98,39769.41,39461.98,39760.08,332190000,^DJI
2024-03-28,39763.74,39868.59,39717.25,39807.37,360970000,^DJI
2024-04-01,39807.93,39815.00,39491.22,39566.85,269470000,^DJI
2024-04-02,39256.27,39256.27,39051.70,39170.24,319590000,^DJI
2024-04-03,39139.59,39305.76,39017.13,39127.14,364180000,^DJI
2024-04-04,39343.60,39421.35,38559.42,38596.98,356510000,^DJI
2024-04-05,38664.98,39040.17,38602.18,38904.04,317110000,^DJI
2024-04-08,38916.42,39013.20,38857.70,38892.80,291460000,^DJI
2024-04-09,38983.66,38992.89,38572.09,38883.67,328700000,^DJI
2024-04-10,38662.28,38662.28,38304.66,38461.51,317580000,^DJI
2024-04-11,38523.26,38598.98,38197.28,38459.08,356640000,^DJI
2024-04-12,38319.14,38319.14,37877.30,37983.24,440910000,^DJI
2024-04-15,38075.38,38386.81,37657.79,37735.11,389170000,^DJI
2024-04-16,37992.22,37992.22,37713.70,37798.97,339480000,^DJI
2024-04-17,37949.67,38036.70,37611.56,37753.31,314650000,^DJI
2024-04-18,37847.21,38083.76,37681.52,37775.38,300230000,^DJI
2024-04-19,37801.98,38102.57,37781.61,37986.40,420460000,^DJI
2024-04-22,38116.89,38447.16,37985.07,38239.98,351650000,^DJI
2024-04-23,38356.07,38561.50,38297.72,38503.69,329420000,^DJI
2024-04-24,38552.79,38552.79,38310.55,38460.92,337230000,^DJI
2024-04-25,38052.09,38157.22,37754.38,38085.80,408170000,^DJI
2024-04-26,38114.70,38337.64,38065.05,38239.66,398680000,^DJI
2024-04-29,38282.16,38406.20,38215.47,38386.09,343630000,^DJI
2024-04-30,38337.40,38337.40,37810.12,37815.92,448480000,^DJI
2024-05-01,37845.56,38349.20,37780.54,37903.29,413540000,^DJI
2024-05-02,38075.65,38295.29,37895.66,38225.66,355910000,^DJI
2024-05-03,38709.36,38808.52,38518.28,38675.68,410530000,^DJI
2024-05-06,38762.43,38886.47,38689.38,38852.27,315550000,^DJI
2024-05-07,38858.94,38977.61,38840.40,38884.26,360930000,^DJI
2024-05-08,38818.90,39094.74,38814.99,39056.39,292340000,^DJI
2024-05-09,39064.27,39413.66,38988.85,39387.76,303270000,^DJI
2024-05-10,39466.52,39579.88,39406.26,39512.84,289480000,^DJI
2024-05-13,39591.28,39647.39,39403.05,39431.51,323370000,^DJI
2024-05-14,39466.76,39616.41,39371.92,39558.11,320860000,^DJI
2024-05-15,39615.10,39935.04,39615.10,39908.00,411190000,^DJI
2024-05-16,39912.34,40051.05,39864.68,39869.38,400560000,^DJI
2024-05-17,39911.72,40010.88,39858.86,40003.59,300260000,^DJI
2024-05-20,39989.76,40077.40,39787.09,39806.77,272420000,^DJI
2024-05-21,39804.40,39905.80,39778.73,39872.99,314120000,^DJI
2024-05-22,39863.33,39890.91,39559.09,39671.04,258430000,^DJI
2024-05-23,39694.95,39694.95,39025.51,39065.26,335640000,^DJI
2024-05-24,39089.23,39220.31,39020.29,39069.59,249810000,^DJI
2024-05-28,39028.99,39028.99,38706.14,38852.86,303340000,^DJI
2024-05-29,38716.28,38716.28,38413.67,38441.54,292280000,^DJI
2024-05-30,38368.35,38493.60,38000.96,38111.48,360090000,^DJI
2024-05-31,38140.26,38719.43,38092.27,38686.32,618200000,^DJI
2024-06-03,38709.99,38735.61,38247.22,38571.03,314010000,^DJI
2024-06-04,38518.86,38786.62,38397.82,38711.29,304450000,^DJI
2024-06-05,38774.82,38844.32,38548.77,38807.33,310970000,^DJI
2024-06-06,38825.40,39004.16,38735.99,38886.17,269000000,^DJI
2024-06-07,38861.24,39105.23,38751.85,38798.99,265850000,^DJI
2024-06-10,38784.90,38877.86,38665.45,38868.04,330580000,^DJI
2024-06-11,38795.71,38795.71,38446.24,38747.42,383090000,^DJI
2024-06-12,38950.65,39120.26,38621.45,38712.21,472280000,^DJI
2024-06-13,38677.12,38712.21,38407.70,38647.10,341330000,^DJI
2024-06-14,38528.39,38595.24,38305.85,38589.16,272200000,^DJI
2024-06-17,38565.18,38839.88,38431.95,38778.10,346190000,^DJI
2024-06-18,38779.12,38936.93,38727.67,38834.86,324260000,^DJI
2024-06-20,38804.73,39232.50,38778.46,39134.76,397010000,^DJI
2024-06-21,39208.51,39257.18,39061.67,39150.33,818670000,^DJI
2024-06-24,39184.49,39571.23,39184.49,39411.21,373940000,^DJI
2024-06-25,39398.79,39423.26,38997.23,39112.16,339010000,^DJI
2024-06-26,39063.15,39183.74,38908.99,39127.80,333100000,^DJI
2024-06-27,39107.10,39250.69,39026.75,39164.06,338010000,^DJI
2024-06-28,39092.39,39443.60,38937.15,39118.86,679630000,^DJI
2024-07-01,39186.20,39438.36,39037.94,39169.52,346210000,^DJI
2024-07-02,39108.25,39340.49,39085.69,39331.85,317380000,^DJI
2024-07-03,39358.95,39411.17,39230.86,39308.00,202070000,^DJI
2024-07-05,39313.40,39399.62,39168.70,39375.87,325230000,^DJI
2024-07-08,39391.98,39654.96,39278.43,39344.79,358320000,^DJI
2024-07-09,39357.37,39492.28,39146.60,39291.97,361410000,^DJI
2024-07-10,39272.45,39736.20,39256.72,39721.36,334180000,^DJI
2024-07-11,39695.18,39875.60,39623.12,39753.75,361530000,^DJI
2024-07-12,39783.28,40257.24,39783.28,40000.90,325780000,^DJI
2024-07-15,40138.40,40351.10,40136.10,40211.72,308880000,^DJI
2024-07-16,40263.78,40988.81,40263.78,40954.48,306390000,^DJI
2024-07-17,40862.57,41221.98,40849.71,41198.08,433450000,^DJI
2024-07-18,41156.56,41376.00,40597.50,40665.02,393450000,^DJI
2024-07-19,40592.35,40626.16,40203.27,40287.53,348530000,^DJI
2024-07-22,40414.49,40472.53,40222.77,40415.44,351670000,^DJI
2024-07-23,40443.73,40527.89,40319.70,40358.09,287390000,^DJI
2024-07-24,40210.63,40258.44,39807.45,39853.87,394210000,^DJI
2024-07-25,39828.63,40438.82,39817.50,39935.07,375790000,^DJI
2024-07-26,40140.86,40753.83,40140.86,40589.34,332070000,^DJI
2024-07-29,40665.71,40682.49,40388.83,40539.93,272200000,^DJI
2024-07-30,40622.13,40866.25,40529.10,40743.33,350910000,^DJI
2024-07-31,40768.88,41198.63,40655.89,40842.79,420090000,^DJI
2024-08-01,40916.96,41096.66,40098.57,40347.97,472030000,^DJI
2024-08-02,40075.33,40075.33,39358.68,39737.26,827820000,^DJI
2024-08-05,39056.19,39056.19,38499.27,38703.27,661280000,^DJI
2024-08-06,38736.22,39449.53,38638.30,38997.66,462650000,^DJI
2024-08-07,39230.09,39477.96,38731.51,38763.45,428250000,^DJI
2024-08-08,38940.38,39508.40,38922.79,39446.49,376440000,^DJI
2024-08-09,39408.06,39628.66,39230.43,39497.54,316320000,^DJI
2024-08-12,39556.01,39587.06,39251.72,39357.01,312380000,^DJI
2024-08-13,39445.27,39792.80,39392.41,39765.64,365560000,^DJI
2024-08-14,39800.59,40068.75,39737.20,40008.39,317800000,^DJI
2024-08-15,40295.74,40590.51,40295.74,40563.06,446850000,^DJI
2024-08-16,40528.86,40726.03,40453.58,40659.76,323210000,^DJI
2024-08-19,40670.83,40907.32,40670.83,40896.53,283890000,^DJI
2024-08-20,40874.52,40909.38,40756.65,40834.97,299380000,^DJI
2024-08-21,40881.03,40974.40,40738.43,40890.49,281460000,^DJI
2024-08-22,40932.23,41026.64,40584.47,40712.78,310470000,^DJI
2024-08-23,40879.12,41207.92,40842.96,41175.08,300080000,^DJI
2024-08-26,41200.84,41420.05,41140.23,41240.52,249300000,^DJI
2024-08-27,41186.28,41271.75,41109.42,41250.50,256160000,^DJI
2024-08-28,41250.17,41351.11,40842.29,41091.42,272170000,^DJI
2024-08-29,41345.50,41577.97,41086.81,41335.05,309820000,^DJI
2024-08-30,41366.16,41585.21,41145.85,41563.08,494900000,^DJI
2024-09-03,41489.67,41489.67,40778.09,40936.93,420530000,^DJI
2024-09-04,40872.06,41172.59,40840.89,40974.97,359380000,^DJI
2024-09-05,41056.33,41084.78,40519.08,40755.75,331250000,^DJI
2024-09-06,40756.81,41009.39,40297.33,40345.41,370440000,^DJI
2024-09-09,40555.11,41000.24,40518.06,40829.59,376720000,^DJI
2024-09-10,40916.50,40916.50,40417.48,40736.96,360950000,^DJI
2024-09-11,40638.76,40903.68,39993.07,40861.71,356040000,^DJI
2024-09-12,40862.11,41107.35,40665.53,41096.77,289300000,^DJI
2024-09-13,41153.70,41533.84,41128.70,41393.78,276800000,^DJI
2024-09-16,41435.17,41733.97,41435.17,41622.08,408670000,^DJI
2024-09-17,41723.78,41835.28,41470.69,41606.18,448610000,^DJI
2024-09-18,41628.91,41981.97,41449.00,41503.10,383600000,^DJI
2024-09-19,41972.56,42160.91,41832.09,42025.19,429760000,^DJI
2024-09-20,41959.43,42138.41,41865.95,42063.36,1207660000,^DJI
2024-09-23,42060.40,42190.05,42012.22,42124.65,455200000,^DJI
2024-09-24,42234.99,42281.06,42056.82,42208.22,401020000,^DJI
2024-09-25,42236.09,42299.64,41859.73,41914.75,374960000,^DJI
2024-09-26,42113.42,42224.15,42036.28,42175.11,353600000,^DJI
2024-09-27,42227.95,42628.32,42227.95,42313.00,329840000,^DJI
2024-09-30,42289.75,42347.66,41929.07,42330.15,354430000,^DJI
2024-10-01,42262.97,42322.36,41945.63,42156.97,380240000,^DJI
2024-10-02,42125.14,42259.52,41968.79,42196.52,301760000,^DJI
2024-10-03,42099.53,42125.84,41847.81,42011.59,267260000,^DJI
2024-10-04,42248.26,42361.38,41972.11,42352.75,296550000,^DJI
2024-10-07,42289.51,42293.64,41831.74,41954.24,307230000,^DJI
2024-10-08,42022.65,42128.56,41874.72,42080.37,284500000,^DJI
2024-10-09,42070.32,42562.01,41993.35,42512.00,267400000,^DJI
2024-10-10,42511.37,42511.37,42308.04,42454.12,245570000,^DJI
2024-10-11,42507.53,42899.75,42507.53,42863.86,265330000,^DJI
2024-10-14,42800.89,43139.00,42707.14,43065.22,240050000,^DJI
2024-10-15,43240.17,43277.78,42703.17,42740.42,360880000,^DJI
2024-10-16,42706.49,43100.84,42692.37,43077.70,297510000,^DJI
2024-10-17,43119.81,43289.76,43119.81,43239.05,267370000,^DJI
2024-10-18,43187.12,43325.09,43036.35,43275.91,295500000,^DJI
2024-10-21,43222.21,43310.87,42877.57,42931.60,273590000,^DJI
2024-10-22,42876.84,43041.05,42718.26,42924.89,335200000,^DJI
2024-10-23,42834.40,42834.40,42293.17,42514.95,356610000,^DJI
2024-10-24,42522.55,42522.55,42191.83,42374.36,282680000,^DJI
2024-10-25,42477.51,42594.64,42051.39,42114.40,314000000,^DJI
2024-10-28,42264.54,42476.46,42264.54,42387.57,284770000,^DJI
2024-10-29,42323.48,42491.86,42171.65,42233.05,373550000,^DJI
2024-10-30,42249.81,42457.92,42141.54,42141.54,377420000,^DJI
2024-10-31,41956.34,41991.91,41704.63,41763.46,497370000,^DJI
2024-11-01,41869.82,42326.31,41869.82,42052.19,531350000,^DJI
2024-11-04,42004.66,42035.87,41647.30,41794.60,341500000,^DJI
2024-11-05,41835.49,42258.84,41766.96,42221.88,283990000,^DJI
2024-11-06,42850.40,43778.78,42850.40,43729.93,550400000,^DJI
2024-11-07,43718.92,43823.10,43641.92,43729.34,437510000,^DJI
2024-11-08,43768.53,44157.29,43733.86,43988.99,454570000,^DJI
2024-11-11,44057.65,44486.70,44057.65,44293.13,451940000,^DJI
2024-11-12,44359.21,44405.73,43887.27,43910.98,482720000,^DJI
2024-11-13,43880.46,44141.33,43829.98,43958.19,500190000,^DJI
2024-11-14,44032.38,44080.78,43704.82,43750.86,545090000,^DJI
2024-11-15,43587.93,43647.53,43350.43,43444.99,664320000,^DJI
2024-11-18,43431.89,43505.66,43297.57,43389.60,527180000,^DJI
2024-11-19,43243.27,43380.97,42938.87,43268.94,497970000,^DJI
2024-11-20,43296.05,43465.77,43074.86,43408.47,559010000,^DJI
2024-11-21,43538.70,44020.31,43345.58,43870.35,712120000,^DJI
2024-11-22,43871.63,44323.95,43871.63,44296.51,533010000,^DJI
2024-11-25,44385.49,44815.67,44385.49,44736.57,826660000,^DJI
2024-11-26,44614.89,44903.01,44426.66,44860.31,476170000,^DJI
2024-11-27,44837.75,45003.06,44690.23,44722.06,451360000,^DJI
2024-11-29,44760.05,45071.29,44760.05,44910.65,319210000,^DJI
2024-12-02,44925.86,45001.66,44710.16,44782.00,439740000,^DJI
2024-12-03,44769.58,44914.68,44574.78,44705.53,429130000,^DJI
2024-12-04,44941.05,45073.63,44799.74,45014.04,554420000,^DJI
2024-12-05,45038.44,45059.94,44747.14,44765.71,457340000,^DJI
2024-12-06,44824.29,44923.74,44596.46,44642.52,466910000,^DJI
2024-12-09,44637.97,44728.51,44382.83,44401.93,503920000,^DJI
2024-12-10,44291.57,44470.84,44186.66,44247.83,482660000,^DJI
2024-12-11,44300.41,44376.18,44135.74,44148.56,512650000,^DJI
2024-12-12,44168.66,44208.60,43903.27,43914.12,396050000,^DJI
2024-12-13,43929.15,44054.23,43790.48,43828.06,455380000,^DJI
2024-12-16,43825.76,43951.58,43686.85,43717.48,579350000,^DJI
2024-12-17,43656.47,43656.47,43336.22,43449.90,593670000,^DJI
2024-12-18,43459.72,43688.97,42300.04,42326.87,627570000,^DJI
2024-12-19,42464.13,42787.85,42334.13,42342.24,560200000,^DJI
2024-12-20,42296.26,43216.03,42146.33,42840.26,1121300000,^DJI
2024-12-23,42800.49,42957.79,42516.87,42906.95,449390000,^DJI
2024-12-24,42916.48,43297.65,42871.76,43297.03,230410000,^DJI
2024-12-26,43201.85,43373.98,43115.09,43325.80,270350000,^DJI
2024-12-27,43142.37,43238.85,42761.56,42992.21,376960000,^DJI
2024-12-30,42863.86,42863.86,42263.51,42573.73,383300000,^DJI
2024-12-31,42636.70,42779.69,42421.29,42544.22,359210000,^DJI
2025-01-02,42660.09,42905.09,42174.80,42392.27,459850000,^DJI
2025-01-03,42495.76,42782.76,42436.92,42732.13,455810000,^DJI
2025-01-06,42835.52,43115.31,42611.16,42706.56,557040000,^DJI
2025-01-07,42809.71,42931.54,42380.75,42528.36,621630000,^DJI
2025-01-08,42542.10,42656.22,42327.79,42635.20,463430000,^DJI
2025-01-10,42540.29,42540.29,41877.30,41938.45,543810000,^DJI
2025-01-13,41924.68,42319.60,41844.89,42297.12,500190000,^DJI
2025-01-14,42366.42,42544.57,42157.03,42518.28,454650000,^DJI
2025-01-15,42927.76,43323.49,42927.76,43221.55,479110000,^DJI
2025-01-16,43290.25,43294.81,43081.75,43153.13,504270000,^DJI
2025-01-17,43312.55,43653.25,43312.55,43487.83,554870000,^DJI
2025-01-21,43528.65,44050.13,43528.65,44025.81,592210000,^DJI
2025-01-22,44178.06,44208.34,44042.11,44156.73,588430000,^DJI
2025-01-23,44113.55,44565.26,44113.55,44565.07,444180000,^DJI
2025-01-24,44533.75,44545.52,44332.22,44424.25,532230000,^DJI
2025-01-27,44148.84,44727.85,44026.27,44713.58,1230150000,^DJI
2025-01-28,44756.36,44976.35,44621.96,44850.35,915110000,^DJI
2025-01-29,44819.55,44962.58,44579.10,44713.52,695190000,^DJI
2025-01-30,44548.69,45008.75,44548.69,44882.13,714080000,^DJI
2025-01-31,45054.36,45054.36,44507.22,44544.66,768530000,^DJI
2025-02-03,44268.15,44594.54,43879.06,44421.91,712890000,^DJI
2025-02-04,44469.46,44597.71,44328.52,44556.04,561360000,^DJI
2025-02-05,44563.63,44886.88,44352.99,44873.28,552040000,^DJI
2025-02-06,44949.19,44966.63,44545.27,44747.63,542250000,^DJI
2025-02-07,44762.57,44857.11,44279.78,44303.40,552510000,^DJI
2025-02-10,44396.92,44622.19,44301.42,44470.41,494600000,^DJI
2025-02-11,44401.38,44640.60,44319.51,44593.65,453440000,^DJI
2025-02-12,44357.70,44467.21,44104.48,44368.56,444470000,^DJI
2025-02-13,44425.94,44768.26,44366.62,44711.43,513960000,^DJI
2025-02-14,44720.99,44769.05,44498.96,44546.08,474570000,^DJI
2025-02-18,44583.91,44602.02,44319.32,44556.34,551790000,^DJI
2025-02-19,44478.12,44636.19,44312.65,44627.59,438880000,^DJI
2025-02-20,44561.11,44561.11,43950.16,44176.65,448500000,^DJI
2025-02-21,43820.13,43959.73,43349.33,43428.02,622550000,^DJI
2025-02-24,43493.12,43699.15,43343.67,43461.21,615500000,^DJI
2025-02-25,43509.74,43767.74,43282.98,43621.16,641310000,^DJI
2025-02-26,43635.42,43866.50,43318.93,43433.12,590270000,^DJI
2025-02-27,43516.44,43884.19,43224.53,43239.50,739620000,^DJI
2025-02-28,43259.84,43873.55,43100.87,43840.91,782170000,^DJI
2025-03-03,43900.49,44033.78,42919.31,43191.24,731560000,^DJI
2025-03-04,43040.30,43084.00,42347.75,42520.99,815780000,^DJI
2025-03-05,42518.37,43135.92,42418.73,43006.59,582350000,^DJI
2025-03-06,42848.49,42970.49,42381.56,42579.08,643880000,^DJI
2025-03-07,42503.07,42898.68,42175.62,42801.72,763440000,^DJI
2025-03-10,42507.65,42541.36,41612.92,41911.71,840180000,^DJI
2025-03-11,41837.95,41868.27,41175.37,41433.48,828160000,^DJI
2025-03-12,41577.50,41721.36,41010.24,41350.93,712360000,^DJI
2025-03-13,41280.05,41360.12,40661.77,40813.57,646770000,^DJI
2025-03-14,41057.57,41528.11,40929.54,41488.19,600240000,^DJI
2025-03-17,41460.22,42013.10,41412.75,41841.63,564190000,^DJI
2025-03-18,41772.91,41787.25,41415.43,41581.31,569810000,^DJI
2025-03-19,41613.19,42178.41,41613.19,41964.63,577530000,^DJI
2025-03-20,41795.26,42250.29,41695.61,41953.32,545240000,^DJI
2025-03-21,41763.40,42011.40,41433.86,41985.35,1026600000,^DJI
2025-03-24,42180.14,42638.85,42180.14,42583.32,548840000,^DJI
2025-03-25,42635.54,42696.61,42441.83,42587.50,452200000,^DJI
2025-03-26,42655.85,42821.83,42326.67,42454.79,592650000,^DJI
2025-03-27,42432.96,42523.84,42142.19,42299.70,484540000,^DJI
2025-03-28,42245.82,42258.15,41530.00,41583.90,532360000,^DJI
2025-03-31,41382.52,42147.38,41148.13,42001.76,732220000,^DJI
2025-04-01,41879.75,42140.66,41519.90,41989.96,514610000,^DJI
2025-04-02,41736.08,42382.27,41629.70,42225.32,492050000,^DJI
2025-04-03,40986.52,41173.62,40513.11,40545.93,941940000,^DJI
2025-04-04,40097.90,40097.90,38264.87,38314.86,1290100000,^DJI
2025-04-07,37879.65,39207.02,36611.78,37965.60,1363960000,^DJI
2025-04-08,38827.10,39426.60,37103.86,37645.59,1051220000,^DJI
2025-04-09,37387.91,40778.70,37275.69,40608.45,1412960000,^DJI
2025-04-10,39996.93,39996.93,38427.70,39593.66,1023490000,^DJI
2025-04-11,39493.42,40404.27,39255.21,40212.71,742800000,^DJI
2025-04-14,40546.15,40778.29,40159.02,40524.79,667010000,^DJI
2025-04-15,40527.82,40791.18,40346.94,40368.96,529800000,^DJI
2025-04-16,40179.49,40416.80,39394.75,39669.39,737550000,^DJI
2025-04-17,39745.58,39745.58,38950.31,39142.23,657400000,^DJI
2025-04-21,38906.04,38906.04,37830.66,38170.41,604790000,^DJI
2025-04-22,38516.23,39272.03,38516.23,39186.98,582330000,^DJI
2025-04-23,39815.01,40376.11,39487.14,39606.57,642550000,^DJI
2025-04-24,39531.05,40157.91,39371.87,40093.40,558120000,^DJI
2025-04-25,40045.73,40137.31,39718.68,40113.50,559040000,^DJI
2025-04-28,40171.74,40414.18,39869.10,40227.59,475930000,^DJI
2025-04-29,40233.98,40630.49,40222.18,40527.62,434830000,^DJI
2025-04-30,40290.41,40777.16,39745.63,40669.36,599760000,^DJI
2025-05-01,40918.04,41099.52,40705.63,40752.96,597270000,^DJI
2025-05-02,40960.42,41386.19,40960.42,41317.43,589870000,^DJI
2025-05-05,41173.38,41445.91,41063.44,41218.83,413440000,^DJI
2025-05-06,41000.19,41164.33,40759.41,40829.00,416110000,^DJI
2025-05-07,40956.08,41266.91,40829.29,41113.97,533870000,^DJI
2025-05-08,41312.57,41773.22,41167.76,41368.45,514850000,^DJI
2025-05-09,41405.48,41512.43,41150.73,41249.38,373930000,^DJI
2025-05-12,41899.05,42418.05,41899.05,42410.10,653810000,^DJI
2025-05-13,42507.33,42507.33,42132.04,42140.43,729860000,^DJI
2025-05-14,42150.09,42254.75,41952.86,42051.06,660230000,^DJI
2025-05-15,41777.98,42351.42,41777.98,42322.75,736430000,^DJI
2025-05-16,42356.20,42663.68,42232.56,42654.74,621250000,^DJI
2025-05-19,42542.81,42842.04,42337.71,42792.07,536830000,^DJI
2025-05-20,42735.11,42800.04,42485.37,42677.24,441530000,^DJI
2025-05-21,42354.46,42439.27,41785.22,41860.44,607900000,^DJI
2025-05-22,41763.68,42090.42,41714.43,41859.09,476080000,^DJI
2025-05-23,41525.70,41788.61,41354.09,41603.07,497060000,^DJI
2025-05-27,41849.04,42350.66,41849.04,42343.65,501340000,^DJI
2025-05-28,42361.63,42448.72,42042.26,42098.70,518840000,^DJI
2025-05-29,42190.02,42266.00,41828.35,42215.73,665310000,^DJI
2025-05-30,42192.35,42376.08,41906.16,42270.07,796200000,^DJI
2025-06-02,42199.94,42317.00,41853.62,42305.48,454680000,^DJI
2025-06-03,42304.50,42568.38,42186.44,42519.64,504410000,^DJI
2025-06-04,42574.13,42645.00,42427.74,42427.74,409600000,^DJI
2025-06-05,42487.89,42601.45,42211.69,42319.74,532850000,^DJI
2025-06-06,42631.82,42924.56,42582.55,42762.87,414540000,^DJI
2025-06-09,42786.19,42893.09,42567.55,42761.76,485780000,^DJI
2025-06-10,42738.27,42925.94,42710.09,42866.87,446850000,^DJI
2025-06-11,42882.86,43115.69,42738.62,42865.77,467260000,^DJI
2025-06-12,42737.36,42970.40,42606.42,42967.62,455760000,^DJI
2025-06-13,42579.48,42602.48,42081.09,42197.79,485930000,^DJI
2025-06-16,42300.13,42707.73,42300.13,42515.09,467040000,^DJI
2025-06-17,42358.62,42530.83,42132.65,42215.80,423070000,^DJI
2025-06-18,42236.03,42510.07,42118.23,42171.66,485440000,^DJI
2025-06-20,42291.09,42432.19,42089.99,42206.82,859840000,^DJI
2025-06-23,42178.55,42609.47,41981.14,42581.78,496750000,^DJI
2025-06-24,42807.13,43183.48,42794.08,43089.02,516060000,^DJI
2025-06-25,43130.33,43130.33,42871.50,42982.43,527460000,^DJI
2025-06-26,43084.07,43430.99,43084.07,43386.84,536710000,^DJI
2025-06-27,43505.60,43966.37,43505.60,43819.27,921330000,^DJI
2025-06-30,44020.66,44138.69,43889.16,44094.77,623630000,^DJI
2025-07-01,44061.49,44604.15,44013.54,44494.94,593600000,^DJI
2025-07-02,44455.66,44557.82,44354.01,44484.42,499870000,^DJI
2025-07-03,44565.75,44885.83,44550.42,44828.53,346620000,^DJI
2025-07-07,44803.36,44803.36,44160.32,44406.36,442350000,^DJI
2025-07-08,44378.58,44436.96,44201.37,44240.76,445670000,^DJI
2025-07-09,44327.13,44556.68,44225.88,44458.30,531790000,^DJI
2025-07-10,44427.75,44775.47,44372.92,44650.64,452340000,^DJI
2025-07-11,44480.77,44480.77,44275.25,44371.51,474090000,^DJI
2025-07-14,44346.15,44472.13,44237.28,44459.65,410250000,^DJI
2025-07-15,44459.84,44504.27,44002.39,44023.29,496270000,^DJI
2025-07-16,44152.74,44260.19,43758.98,44254.78,450190000,^DJI
2025-07-17,44229.88,44558.05,44200.04,44484.49,455310000,^DJI
2025-07-18,44571.68,44571.68,44224.59,44342.19,497800000,^DJI
2025-07-21,44368.40,44601.85,44311.42,44323.07,446590000,^DJI
2025-07-22,44338.62,44542.53,44272.60,44502.44,483560000,^DJI
2025-07-23,44661.12,45016.71,44638.44,45010.29,446630000,^DJI
2025-07-24,44776.41,44912.27,44674.57,44693.91,453000000,^DJI
2025-07-25,44757.28,44944.46,44650.59,44901.92,369500000,^DJI
2025-07-28,44946.98,44946.98,44739.96,44837.56,416510000,^DJI
2025-07-29,44833.74,44883.66,44568.83,44632.99,488780000,^DJI
2025-07-30,44677.90,44739.53,44261.71,44461.28,456840000,^DJI
2025-07-31,44665.82,44665.82,44049.01,44130.98,689040000,^DJI
2025-08-01,43781.77,43781.77,43340.68,43588.58,705150000,^DJI
2025-08-04,43724.02,44188.36,43724.02,44173.64,514180000,^DJI
2025-08-05,44200.07,44308.50,43923.81,44111.74,455690000,^DJI
2025-08-06,44196.61,44290.09,44017.71,44193.12,518970000,^DJI
2025-08-07,44430.09,44498.43,43799.20,43968.64,492480000,^DJI
2025-08-08,44044.95,44272.75,44028.94,44175.61,452500000,^DJI
2025-08-11,44184.36,44273.03,43911.31,43975.09,431510000,^DJI
2025-08-12,44050.53,44497.59,44050.53,44458.61,442850000,^DJI
2025-08-13,44571.53,44949.12,44571.53,44922.27,521430000,^DJI
2025-08-14,44890.84,44948.70,44690.50,44911.26,453530000,^DJI
2025-08-15,45159.91,45203.52,44897.98,44946.12,547270000,^DJI
2025-08-18,44963.17,44998.83,44868.32,44911.82,416460000,^DJI
2025-08-19,44952.36,45207.39,44816.50,44922.27,466010000,^DJI
2025-08-20,44922.70,45033.75,44767.97,44938.31,512550000,^DJI
2025-08-21,44808.21,44892.61,44579.03,44785.50,407540000,^DJI
2025-08-22,44952.88,45757.84,44952.88,45631.74,484720000,^DJI
2025-08-25,45605.25,45605.25,45273.09,45282.47,393960000,^DJI
2025-08-26,45236.83,45437.62,45192.29,45418.07,490980000,^DJI
2025-08-27,45417.46,45621.08,45372.78,45565.23,430980000,^DJI
2025-08-28,45581.03,45682.83,45442.68,45636.90,540880000,^DJI
2025-08-29,45590.96,45616.16,45377.21,45544.88,494870000,^DJI
2025-09-02,45287.73,45295.81,44948.16,45295.81,533180000,^DJI
2025-09-03,45309.43,45309.43,44980.36,45271.23,479210000,^DJI
2025-09-04,45204.87,45632.39,45160.74,45621.29,457490000,^DJI
2025-09-05,45656.49,45770.20,45211.78,45400.86,558920000,^DJI
2025-09-08,45430.61,45542.56,45277.73,45514.95,472240000,^DJI
2025-09-09,45547.62,45764.20,45433.51,45711.34,449650000,^DJI
2025-09-10,45731.50,45731.50,45380.06,45490.92,579920000,^DJI
2025-09-11,45577.09,46137.20,45577.09,46108.00,448340000,^DJI
2025-09-12,46077.14,46077.14,45813.93,45834.22,421730000,^DJI
2025-09-15,45848.39,45978.43,45771.88,45883.45,401500000,^DJI
2025-09-16,45919.54,45967.11,45667.42,45757.90,443400000,^DJI
2025-09-17,45778.40,46261.95,45687.59,46018.32,509830000,^DJI
2025-09-18,46056.55,46317.52,45954.73,46142.42,489090000,^DJI
2025-09-19,46211.16,46396.47,46105.02,46315.27,972580000,^DJI
2025-09-22,46206.69,46447.13,46035.83,46381.54,627450000,^DJI
2025-09-23,46364.11,46714.27,46217.58,46292.78,541530000,^DJI
2025-09-24,46368.94,46453.07,46096.39,46121.28,421040000,^DJI
2025-09-25,46097.43,46122.42,45785.17,45947.32,509180000,^DJI
2025-09-26,46101.45,46353.03,46051.92,46247.29,434270000,^DJI
2025-09-29,46306.34,46387.06,46149.05,46316.07,479740000,^DJI
2025-09-30,46282.63,46425.30,46103.39,46397.89,584780000,^DJI
2025-10-01,46366.78,46528.78,46276.39,46441.10,552790000,^DJI
2025-10-02,46461.11,46589.31,46283.57,46519.72,442010000,^DJI
2025-10-03,46583.95,47049.64,46566.87,46758.28,425050000,^DJI
2025-10-06,46776.04,46846.45,46426.96,46694.97,500000000,^DJI
2025-10-07,46700.90,46868.49,46448.02,46602.98,411280000,^DJI
2025-10-08,46649.32,46816.28,46498.39,46601.78,423510000,^DJI
2025-10-09,46622.31,46684.41,46271.40,46358.42,493080000,^DJI
2025-10-10,46394.88,46641.74,45470.72,45479.60,658100000,^DJI
2025-10-13,45698.46,46153.49,45698.46,46067.58,414070000,^DJI
2025-10-14,45871.89,46522.67,45452.03,46270.46,515330000,^DJI
2025-10-15,46375.17,46693.34,46027.23,46253.31,488700000,^DJI
2025-10-16,46289.09,46422.34,45781.18,45952.24,481610000,^DJI
2025-10-17,45862.40,46327.07,45862.37,46190.61,492870000,^DJI
2025-10-20,46312.88,46759.27,46312.88,46706.58,444010000,^DJI
2025-10-21,46707.08,47125.66,46688.25,46924.74,430490000,^DJI
2025-10-22,46941.56,46941.56,46461.52,46590.41,458450000,^DJI
2025-10-23,46519.13,46802.15,46490.06,46734.61,407570000,^DJI
2025-10-24,46811.51,47326.73,46811.51,47207.12,403500000,^DJI
2025-10-27,47412.80,47564.52,47375.96,47544.59,426790000,^DJI
2025-10-28,47752.35,47943.16,47675.70,47706.37,603670000,^DJI
2025-10-29,47746.79,48040.64,47448.59,47632.00,683470000,^DJI
2025-10-30,47446.88,48014.92,47381.91,47522.12,593890000,^DJI
2025-10-31,47659.96,47718.38,47347.28,47562.87,704620000,^DJI
2025-11-03,47697.33,47697.33,47135.96,47336.68,571740000,^DJI
2025-11-04,47148.04,47274.90,46877.06,47085.24,514650000,^DJI
2025-11-05,47097.31,47460.36,47041.31,47311.00,469010000,^DJI
2025-11-06,47255.12,47359.29,46787.44,46912.30,552150000,^DJI
2025-11-07,46797.03,46996.71,46495.62,46987.10,591090000,^DJI
2025-11-10,47095.06,47412.89,46934.35,47368.63,490070000,^DJI
2025-11-11,47384.51,47974.37,47384.51,47927.96,454970000,^DJI
2025-11-12,48015.79,48431.57,48015.79,48254.82,497550000,^DJI
2025-11-13,48173.92,48233.25,47411.10,47457.22,608110000,^DJI
2025-11-14,47222.38,47380.07,46863.05,47147.48,552330000,^DJI
2025-11-17,47068.06,47202.56,46430.27,46590.24,503830000,^DJI
2025-11-18,46382.92,46382.92,45913.60,46091.74,596360000,^DJI
2025-11-19,46138.68,46299.13,45905.19,46138.77,555370000,^DJI
2025-11-20,46567.51,46856.75,45728.93,45752.26,721440000,^DJI
2025-11-21,45808.65,46577.50,45781.58,46245.41,790560000,^DJI
2025-11-24,46351.93,46587.71,46108.01,46448.27,743580000,^DJI
2025-11-25,46482.36,47182.90,46341.35,47112.45,648860000,^DJI
2025-11-26,47196.15,47571.40,47196.15,47427.12,454980000,^DJI
2025-11-28,47482.25,47750.77,47475.61,47716.42,272500000,^DJI
2025-12-01,47580.85,47676.03,47271.11,47289.33,482190000,^DJI
2025-12-02,47416.91,47597.11,47263.92,47474.46,510900000,^DJI
2025-12-03,47371.62,47969.64,47371.62,47882.90,490380000,^DJI
2025-12-04,47888.16,48049.72,47692.96,47850.94,498740000,^DJI
2025-12-05,47879.60,48133.54,47871.51,47954.99,456100000,^DJI
2025-12-08,47971.51,47971.51,47611.93,47739.32,505490000,^DJI
2025-12-09,47724.52,47957.79,47533.60,47560.29,425470000,^DJI
2025-12-10,47573.96,48197.30,47462.94,48057.75,545610000,^DJI
2025-12-11,48082.90,48756.34,48082.90,48704.01,493950000,^DJI
2025-12-12,48714.75,48886.86,48334.10,48458.05,495830000,^DJI
2025-12-15,48594.36,48679.14,48283.27,48416.56,516630000,^DJI
2025-12-16,48380.17,48452.17,47946.25,48114.26,457400000,^DJI
2025-12-17,48128.05,48387.33,47856.79,47885.97,534260000,^DJI
2025-12-18,48101.18,48365.93,47849.48,47951.85,521430000,^DJI
2025-12-19,47974.82,48289.63,47974.82,48134.89,1227520000,^DJI
2025-12-22,48211.88,48457.47,48199.13,48362.68,427050000,^DJI
2025-12-23,48320.59,48527.50,48254.31,48442.41,418920000,^DJI
2025-12-24,48424.71,48771.32,48386.59,48731.16,206740000,^DJI
2025-12-26,48712.47,48782.00,48589.07,48710.97,288770000,^DJI
2025-12-29,48636.63,48704.83,48390.91,48461.93,321850000,^DJI
2025-12-30,48434.88,48471.70,48297.26,48367.06,282570000,^DJI
2025-12-31,48371.52,48394.51,48050.88,48063.29,336060000,^DJI
2026-01-02,48105.98,48404.06,47853.04,48382.39,465060000,^DJI
2026-01-05,48475.81,49209.95,48449.62,48977.18,578580000,^DJI
2026-01-06,48987.36,49509.92,48923.83,49462.08,541220000,^DJI
2026-01-07,49512.72,49621.43,48951.99,48996.08,506140000,^DJI
2026-01-08,48850.17,49357.74,48792.34,49266.11,515070000,^DJI
2026-01-09,49234.81,49571.41,49197.06,49504.07,444480000,^DJI
2026-01-12,49499.67,49633.35,49011.31,49590.20,516430000,^DJI
2026-01-13,49616.95,49616.95,49056.31,49191.99,549950000,^DJI
2026-01-14,49088.25,49195.10,48851.98,49149.63,530670000,^DJI
2026-01-15,49201.10,49581.18,49201.10,49442.44,541520000,^DJI
2026-01-16,49466.70,49616.70,49246.24,49359.33,992970000,^DJI
2026-01-20,49005.01,49005.01,48428.13,48488.59,676030000,^DJI
2026-01-21,48546.03,49295.03,48546.03,49077.23,600840000,^DJI
2026-01-22,49201.81,49607.29,49201.81,49384.01,455130000,^DJI
2026-01-23,49264.54,49265.46,48963.05,49098.71,461030000,^DJI
2026-01-26,49137.65,49488.81,49137.65,49412.40,454370000,^DJI
2026-01-27,49103.58,49157.80,48862.52,49003.41,533780000,^DJI
2026-01-28,49024.68,49150.34,48901.49,49015.60,470990000,^DJI
2026-01-29,48938.27,49292.81,48597.22,49071.56,693040000,^DJI
2026-01-30,48991.62,49047.68,48459.88,48892.47,761990000,^DJI
2020-01-02,9039.46,9093.43,9010.89,9092.19,2862700000,^IXIC
2020-01-03,8976.43,9065.76,8976.43,9020.77,2586520000,^IXIC
2020-01-06,8943.50,9072.41,8943.50,9071.47,2810450000,^IXIC
2020-01-07,9076.64,9091.93,9042.55,9068.58,2381740000,^IXIC
2020-01-08,9068.03,9168.89,9059.38,9129.24,2472620000,^IXIC
2020-01-09,9202.27,9215.95,9158.50,9203.43,2540960000,^IXIC
2020-01-10,9232.95,9235.20,9164.66,9178.86,2382900000,^IXIC
2020-01-13,9213.72,9274.49,9193.06,9273.93,2536820000,^IXIC
2020-01-14,9270.61,9298.33,9226.49,9251.33,2553160000,^IXIC
2020-01-15,9253.76,9298.82,9231.14,9258.70,2443220000,^IXIC
2020-01-16,9313.45,9357.92,9301.32,9357.13,2312110000,^IXIC
2020-01-17,9392.37,9393.48,9346.81,9388.94,2542540000,^IXIC
2020-01-21,9361.07,9397.58,9350.20,9370.81,2686610000,^IXIC
2020-01-22,9413.61,9439.29,9375.13,9383.77,2454580000,^IXIC
2020-01-23,9377.72,9409.20,9334.13,9402.48,2465850000,^IXIC
2020-01-24,9446.21,9451.43,9273.23,9314.91,2622970000,^IXIC
2020-01-27,9092.46,9185.45,9088.04,9139.31,2593910000,^IXIC
2020-01-28,9201.82,9288.87,9182.33,9269.68,2169020000,^IXIC
2020-01-29,9318.26,9329.12,9249.04,9275.16,2234620000,^IXIC
2020-01-30,9211.15,9303.00,9185.18,9298.93,2345370000,^IXIC
2020-01-31,9324.33,9324.80,9123.22,9150.94,2696090000,^IXIC
2020-02-03,9190.72,9299.85,9188.55,9273.40,2427320000,^IXIC
2020-02-04,9398.39,9485.38,9374.05,9467.97,2447340000,^IXIC
2020-02-05,9574.10,9574.94,9454.93,9508.68,2470240000,^IXIC
2020-02-06,9540.98,9575.66,9505.68,9572.15,2313860000,^IXIC
2020-02-07,9526.64,9570.09,9496.53,9520.51,2243720000,^IXIC
2020-02-10,9493.63,9628.66,9493.63,9628.39,2187520000,^IXIC
2020-02-11,9680.89,9714.74,9617.21,9638.94,2450070000,^IXIC
2020-02-12,9688.60,9728.77,9666.69,9725.96,2366510000,^IXIC
2020-02-13,9657.04,9748.32,9650.02,9711.97,2254870000,^IXIC
2020-02-14,9728.90,9746.36,9693.05,9731.18,2226720000,^IXIC
2020-02-18,9679.04,9747.68,9675.80,9732.74,2279420000,^IXIC
2020-02-19,9782.81,9838.37,9777.10,9817.18,2470860000,^IXIC
2020-02-20,9799.20,9820.86,9636.94,9750.97,2745730000,^IXIC
2020-02-21,9708.01,9715.95,9542.33,9576.59,2750160000,^IXIC
2020-02-24,9188.44,9322.88,9166.01,9221.28,3188590000,^IXIC
2020-02-25,9301.20,9315.26,8940.49,8965.61,3595520000,^IXIC
2020-02-26,9011.55,9148.32,8927.80,8980.78,3587950000,^IXIC
2020-02-27,8744.03,8904.11,8562.05,8566.48,4559900000,^IXIC
2020-02-28,8269.74,8591.82,8264.16,8567.37,5320020000,^IXIC
2020-03-02,8667.14,8952.81,8543.35,8952.17,4249020000,^IXIC
2020-03-03,8965.10,9070.32,8602.89,8684.09,4336700000,^IXIC
2020-03-04,8834.10,9019.96,8757.66,9018.09,3634760000,^IXIC
2020-03-05,8790.09,8921.08,8677.39,8738.59,3763860000,^IXIC
2020-03-06,8469.02,8612.36,8375.13,8575.62,4292730000,^IXIC
2020-03-09,7957.93,8243.31,7943.16,7950.68,4554110000,^IXIC
2020-03-10,8219.76,8347.40,7930.43,8344.25,4447260000,^IXIC
2020-03-11,8136.25,8181.36,7850.95,7952.05,4302610000,^IXIC
2020-03-12,7398.58,7712.33,7194.67,7201.80,5099350000,^IXIC
2020-03-13,7610.39,7875.93,7219.09,7874.88,4701070000,^IXIC
2020-03-16,7392.73,7422.20,6882.86,6904.59,4618120000,^IXIC
2020-03-17,7072.00,7406.23,6828.91,7334.78,4920210000,^IXIC
2020-03-18,6902.32,7182.83,6686.36,6989.84,4935000000,^IXIC
2020-03-19,6996.45,7341.38,6858.38,7150.58,4778490000,^IXIC
2020-03-20,7248.07,7354.44,6854.67,6879.52,5260300000,^IXIC
2020-03-23,6847.28,6984.94,6631.42,6860.67,4348410000,^IXIC
2020-03-24,7196.15,7418.37,7169.86,7417.86,4441080000,^IXIC
2020-03-25,7421.36,7671.21,7276.40,7384.30,4683630000,^IXIC
2020-03-26,7462.21,7809.83,7462.21,7797.54,4014670000,^IXIC
2020-03-27,7554.25,7716.24,7491.14,7502.38,3989120000,^IXIC
2020-03-30,7583.46,7784.35,7539.97,7774.15,3870770000,^IXIC
2020-03-31,7740.06,7880.31,7642.86,7700.10,4078960000,^IXIC
2020-04-01,7459.50,7566.37,7301.98,7360.58,3700040000,^IXIC
2020-04-02,7317.45,7501.70,7307.95,7487.31,3622170000,^IXIC
2020-04-03,7477.27,7518.72,7288.11,7373.08,3294260000,^IXIC
2020-04-06,7660.17,7938.33,7617.79,7913.24,3849130000,^IXIC
2020-04-07,8129.99,8146.43,7881.22,7887.26,4085960000,^IXIC
2020-04-08,7975.72,8114.43,7901.94,8090.90,3487440000,^IXIC
2020-04-09,8169.01,8227.91,8072.32,8153.58,4145460000,^IXIC
2020-04-13,8127.69,8200.44,8035.95,8192.42,3184660000,^IXIC
2020-04-14,8353.21,8531.11,8338.08,8515.74,3767410000,^IXIC
2020-04-15,8355.96,8464.66,8308.79,8393.18,3347920000,^IXIC
2020-04-16,8479.11,8560.16,8393.27,8532.36,4057800000,^IXIC
2020-04-17,8667.48,8670.30,8531.69,8650.14,4348310000,^IXIC
2020-04-20,8553.38,8684.91,8553.38,8560.73,3827370000,^IXIC
2020-04-21,8460.69,8480.29,8215.69,8263.23,3788180000,^IXIC
2020-04-22,8434.55,8537.31,8404.54,8495.38,3041520000,^IXIC
2020-04-23,8528.84,8635.23,8475.20,8494.75,3759890000,^IXIC
2020-04-24,8530.08,8642.93,8464.42,8634.52,3696020000,^IXIC
2020-04-27,8717.98,8754.57,8697.37,8730.16,3694980000,^IXIC
2020-04-28,8825.69,8830.57,8600.70,8607.73,3730350000,^IXIC
2020-04-29,8802.70,8957.27,8765.01,8914.71,4407140000,^IXIC
2020-04-30,8911.02,8926.11,8825.83,8889.55,4335660000,^IXIC
2020-05-01,8681.29,8754.46,8566.84,8604.95,3741300000,^IXIC
2020-05-04,8555.32,8715.82,8537.83,8710.71,3443140000,^IXIC
2020-05-05,8809.66,8909.96,8781.31,8809.12,3933550000,^IXIC
2020-05-06,8874.70,8933.25,8819.37,8854.39,3656750000,^IXIC
2020-05-07,8973.78,9015.99,8932.86,8979.66,3787220000,^IXIC
2020-05-08,9056.89,9125.98,9018.21,9121.32,3813630000,^IXIC
2020-05-11,9054.91,9241.92,9053.17,9192.34,3925450000,^IXIC
2020-05-12,9225.15,9250.96,9000.07,9002.55,4336510000,^IXIC
2020-05-13,9006.05,9074.16,8752.68,8863.17,4273210000,^IXIC
2020-05-14,8788.04,8945.71,8705.25,8943.72,3965970000,^IXIC
2020-05-15,8839.99,9018.40,8821.38,9014.56,4240690000,^IXIC
2020-05-18,9177.15,9267.22,9154.35,9234.83,4341820000,^IXIC
2020-05-19,9227.46,9317.25,9183.25,9185.10,4193550000,^IXIC
2020-05-20,9305.62,9392.82,9304.20,9375.78,4315500000,^IXIC
2020-05-21,9375.19,9405.25,9254.85,9284.88,3745270000,^IXIC
2020-05-22,9278.55,9328.28,9239.41,9324.59,3668070000,^IXIC
2020-05-26,9501.21,9501.21,9333.16,9340.22,4448950000,^IXIC
2020-05-27,9346.12,9414.62,9144.28,9412.36,4489110000,^IXIC
2020-05-28,9392.99,9523.64,9345.28,9368.99,4113660000,^IXIC
2020-05-29,9382.35,9505.55,9324.73,9489.87,4742290000,^IXIC
2020-06-01,9471.42,9571.28,9462.32,9552.05,3847770000,^IXIC
2020-06-02,9566.53,9611.22,9472.08,9608.38,3990080000,^IXIC
2020-06-03,9651.86,9707.78,9627.17,9682.91,4679030000,^IXIC
2020-06-04,9649.65,9716.14,9560.41,9615.81,6141320000,^IXIC
2020-06-05,9703.54,9845.69,9685.35,9814.08,6607730000,^IXIC
2020-06-08,9823.44,9927.13,9780.61,9924.75,6197330000,^IXIC
2020-06-09,9867.19,10002.50,9863.27,9953.75,5319450000,^IXIC
2020-06-10,10012.32,10086.89,9962.58,10020.35,5170860000,^IXIC
2020-06-11,9791.24,9868.08,9491.31,9492.73,5300850000,^IXIC
2020-06-12,9715.87,9768.64,9413.62,9588.81,4388990000,^IXIC
2020-06-15,9426.90,9756.07,9403.00,9726.02,4476010000,^IXIC
2020-06-16,9949.78,9963.63,9748.38,9895.87,4669320000,^IXIC
2020-06-17,9943.31,9991.21,9891.81,9910.53,4279700000,^IXIC
2020-06-18,9892.48,9959.20,9885.66,9943.05,4335320000,^IXIC
2020-06-19,10042.13,10053.91,9872.94,9946.12,6093830000,^IXIC
2020-06-22,9945.49,10059.61,9916.60,10056.48,4506960000,^IXIC
2020-06-23,10130.83,10221.85,10112.44,10131.37,5755170000,^IXIC
2020-06-24,10092.92,10137.50,9842.22,9909.17,5589130000,^IXIC
2020-06-25,9899.36,10023.28,9810.47,10017.00,4779640000,^IXIC
2020-06-26,9995.12,10000.67,9749.07,9757.22,7309380000,^IXIC
2020-06-29,9771.72,9877.34,9663.61,9874.15,4336290000,^IXIC
2020-06-30,9875.29,10085.59,9863.67,10058.77,4510190000,^IXIC
2020-07-01,10063.67,10197.19,10048.04,10154.63,4624430000,^IXIC
2020-07-02,10268.67,10310.36,10194.06,10207.63,4038920000,^IXIC
2020-07-06,10360.38,10462.05,10354.98,10433.65,4570260000,^IXIC
2020-07-07,10412.46,10518.98,10337.98,10343.89,4337130000,^IXIC
2020-07-08,10409.35,10494.63,10350.96,10492.50,4030210000,^IXIC
2020-07-09,10563.72,10578.10,10379.91,10547.75,4013180000,^IXIC
2020-07-10,10545.91,10622.35,10447.01,10617.44,3537510000,^IXIC
2020-07-13,10729.92,10824.78,10368.04,10390.84,4851880000,^IXIC
2020-07-14,10310.25,10497.83,10182.46,10488.58,4461770000,^IXIC
2020-07-15,10576.72,10604.67,10420.54,10550.49,4647070000,^IXIC
2020-07-16,10443.87,10499.79,10364.39,10473.83,4277760000,^IXIC
2020-07-17,10500.52,10532.62,10421.21,10503.19,4361480000,^IXIC
2020-07-20,10526.02,10783.80,10488.04,10767.09,4314630000,^IXIC
2020-07-21,10837.88,10839.93,10650.46,10680.36,5350750000,^IXIC
2020-07-22,10687.58,10745.32,10627.45,10706.13,4128960000,^IXIC
2020-07-23,10689.50,10728.12,10407.87,10461.42,4501540000,^IXIC
2020-07-24,10294.41,10418.75,10217.31,10363.18,4233390000,^IXIC
2020-07-27,10421.70,10546.44,10399.86,10536.27,4244570000,^IXIC
2020-07-28,10509.20,10523.64,10397.87,10402.09,3894660000,^IXIC
2020-07-29,10474.70,10567.91,10464.00,10542.94,4009640000,^IXIC
2020-07-30,10450.12,10609.59,10412.09,10587.81,4185810000,^IXIC
2020-07-31,10741.47,10747.80,10557.70,10745.27,4438730000,^IXIC
2020-08-03,10848.64,10927.56,10831.15,10902.80,4203890000,^IXIC
2020-08-04,10897.89,10941.91,10852.90,10941.17,4016520000,^IXIC
2020-08-05,10967.87,11002.11,10943.72,10998.40,4160740000,^IXIC
2020-08-06,10989.98,11121.19,10963.41,11108.07,4120000000,^IXIC
2020-08-07,11072.53,11126.04,10920.37,11010.98,4263930000,^IXIC
2020-08-10,11033.73,11040.24,10849.46,10968.36,4048420000,^IXIC
2020-08-11,10942.66,10989.42,10762.71,10782.82,4331770000,^IXIC
2020-08-12,10878.12,11036.72,10877.16,11012.24,3745230000,^IXIC
2020-08-13,11026.86,11124.85,11007.50,11042.50,3480470000,^IXIC
2020-08-14,11042.24,11058.44,10972.06,11019.30,3514260000,^IXIC
2020-08-17,11083.25,11144.53,11080.30,11129.73,3214870000,^IXIC
2020-08-18,11170.75,11230.62,11103.83,11210.84,3228590000,^IXIC
2020-08-19,11214.80,11257.42,11132.10,11146.46,3496480000,^IXIC
2020-08-20,11096.40,11283.62,11090.03,11264.95,4215130000,^IXIC
2020-08-21,11258.44,11326.21,11245.44,11311.80,3929290000,^IXIC
2020-08-24,11449.25,11462.05,11297.53,11379.72,3907310000,^IXIC
2020-08-25,11370.23,11468.26,11343.04,11466.47,3475280000,^IXIC
2020-08-26,11516.62,11672.05,11507.46,11665.06,3471520000,^IXIC
2020-08-27,11688.19,11730.01,11551.01,11625.34,3547400000,^IXIC
2020-08-28,11689.28,11708.77,11634.77,11695.63,3012980000,^IXIC
2020-08-31,11718.81,11829.84,11697.42,11775.46,3612050000,^IXIC
2020-09-01,11850.96,11945.72,11794.78,11939.67,3511060000,^IXIC
2020-09-02,12047.26,12074.06,11836.18,12056.44,3982360000,^IXIC
2020-09-03,11861.90,11894.40,11361.36,11458.10,4465010000,^IXIC
2020-09-04,11396.24,11531.18,10875.87,11313.13,4284440000,^IXIC
2020-09-08,10900.70,11131.50,10837.20,10847.69,3905420000,^IXIC
2020-09-09,11064.76,11217.69,10970.45,11141.56,3550660000,^IXIC
2020-09-10,11235.53,11299.53,10875.02,10919.59,3840010000,^IXIC
2020-09-11,11010.07,11033.04,10728.03,10853.55,3630250000,^IXIC
2020-09-14,11010.14,11118.29,10982.26,11056.65,3737610000,^IXIC
2020-09-15,11193.96,11244.46,11127.98,11190.32,3786110000,^IXIC
2020-09-16,11222.08,11245.42,11046.43,11050.47,3678020000,^IXIC
2020-09-17,10796.05,10974.45,10783.81,10910.28,3740110000,^IXIC
2020-09-18,10973.45,10977.68,10639.95,10793.28,5759090000,^IXIC
2020-09-21,10610.14,10782.74,10519.49,10778.80,3900970000,^IXIC
2020-09-22,10873.30,10979.65,10737.52,10963.64,3515440000,^IXIC
2020-09-23,10950.82,10962.03,10612.91,10632.99,4097320000,^IXIC
2020-09-24,10551.02,10799.55,10520.22,10672.27,4086360000,^IXIC
2020-09-25,10680.46,10939.55,10639.98,10913.56,3785270000,^IXIC
2020-09-28,11084.38,11120.79,11019.14,11117.53,3591740000,^IXIC
2020-09-29,11109.00,11153.23,11065.63,11085.25,3389040000,^IXIC
2020-09-30,11092.90,11277.96,11092.90,11167.51,4260630000,^IXIC
2020-10-01,11291.99,11344.13,11240.53,11326.51,4005900000,^IXIC
2020-10-02,11082.53,11244.87,11033.69,11075.02,3731510000,^IXIC
2020-10-05,11169.11,11335.21,11162.52,11332.49,3623920000,^IXIC
2020-10-06,11314.53,11392.41,11124.45,11154.60,4390960000,^IXIC
2020-10-07,11271.68,11380.56,11258.35,11364.60,3910770000,^IXIC
2020-10-08,11443.35,11448.23,11384.33,11420.98,3507570000,^IXIC
2020-10-09,11487.60,11581.23,11476.66,11579.94,3504230000,^IXIC
2020-10-12,11732.33,11965.54,11704.13,11876.26,3885030000,^IXIC
2020-10-13,11901.76,11946.98,11821.83,11863.90,3634130000,^IXIC
2020-10-14,11889.07,11939.92,11714.35,11768.73,3410410000,^IXIC
2020-10-15,11559.88,11740.68,11559.10,11713.87,3325270000,^IXIC
2020-10-16,11761.83,11827.42,11648.53,11671.56,3166980000,^IXIC
2020-10-19,11732.34,11778.11,11454.57,11478.88,3477410000,^IXIC
2020-10-20,11531.83,11632.89,11471.23,11516.49,3510040000,^IXIC
2020-10-21,11530.39,11613.79,11476.08,11484.69,3467310000,^IXIC
2020-10-22,11526.97,11548.77,11369.29,11506.01,3434040000,^IXIC
2020-10-23,11536.01,11548.85,11434.86,11548.28,3145570000,^IXIC
2020-10-26,11440.64,11545.63,11221.06,11358.94,3205100000,^IXIC
2020-10-27,11409.34,11465.06,11361.86,11431.35,3104770000,^IXIC
2020-10-28,11230.90,11249.95,10999.07,11004.87,3930690000,^IXIC
2020-10-29,11064.47,11287.63,11030.19,11185.59,3244190000,^IXIC
2020-10-30,11103.47,11129.81,10822.57,10911.59,3671600000,^IXIC
2020-11-02,11010.45,11071.08,10830.95,10957.61,3209000000,^IXIC
2020-11-03,11038.66,11213.92,11004.84,11160.57,3216580000,^IXIC
2020-11-04,11443.77,11663.31,11394.21,11590.78,3620760000,^IXIC
2020-11-05,11816.33,11924.28,11784.15,11890.93,3848160000,^IXIC
2020-11-06,11869.90,11920.54,11737.13,11895.23,4183220000,^IXIC
2020-11-09,12046.66,12108.07,11703.49,11713.78,5863900000,^IXIC
2020-11-10,11622.44,11665.87,11424.61,11553.86,4736560000,^IXIC
2020-11-11,11656.65,11793.57,11638.90,11786.43,3854680000,^IXIC
2020-11-12,11802.50,11847.84,11666.37,11709.59,3886670000,^IXIC
2020-11-13,11794.94,11849.79,11715.52,11829.29,3654230000,^IXIC
2020-11-16,11847.11,11937.72,11814.89,11924.13,4172570000,^IXIC
2020-11-17,11913.35,11950.18,11852.41,11899.34,4145030000,^IXIC
2020-11-18,11896.06,11942.49,11799.96,11801.60,4731420000,^IXIC
2020-11-19,11779.04,11912.63,11760.98,11904.71,5385190000,^IXIC
2020-11-20,11892.70,11935.47,11852.51,11854.97,5350970000,^IXIC
2020-11-23,11916.76,11949.33,11796.53,11880.63,5473250000,^IXIC
2020-11-24,11939.33,12049.88,11863.45,12036.79,6339580000,^IXIC
2020-11-25,12053.89,12114.77,12020.95,12094.40,4448640000,^IXIC
2020-11-27,12159.18,12236.23,12154.57,12205.85,3401830000,^IXIC
2020-11-30,12224.25,12244.65,12027.16,12198.74,7760390000,^IXIC
2020-12-01,12313.36,12405.79,12263.93,12355.11,6512420000,^IXIC
2020-12-02,12285.75,12360.06,12217.35,12349.37,5194960000,^IXIC
2020-12-03,12369.26,12439.02,12356.99,12377.18,5209980000,^IXIC
2020-12-04,12399.32,12464.23,12376.44,12464.23,5086900000,^IXIC
2020-12-07,12461.00,12536.23,12460.55,12519.95,4771820000,^IXIC
2020-12-08,12503.17,12594.54,12453.21,12582.77,4809480000,^IXIC
2020-12-09,12591.69,12607.14,12290.78,12338.95,5168450000,^IXIC
2020-12-10,12247.55,12431.56,12214.74,12405.81,4518580000,^IXIC
2020-12-11,12336.79,12383.50,12246.77,12377.87,4292680000,^IXIC
2020-12-14,12447.44,12543.00,12432.71,12440.04,4491930000,^IXIC
2020-12-15,12543.26,12596.13,12465.42,12595.06,4423650000,^IXIC
2020-12-16,12611.04,12687.32,12566.38,12658.19,4592700000,^IXIC
2020-12-17,12730.78,12765.25,12696.35,12764.75,5029830000,^IXIC
2020-12-18,12804.93,12809.60,12654.60,12755.64,7125800000,^IXIC
2020-12-21,12596.14,12751.27,12525.22,12742.52,5192860000,^IXIC
2020-12-22,12785.22,12840.57,12695.31,12807.92,5811850000,^IXIC
2020-12-23,12834.94,12841.92,12758.67,12771.11,7100250000,^IXIC
2020-12-24,12791.54,12833.55,12767.64,12804.73,3305960000,^IXIC
2020-12-28,12914.64,12930.89,12827.45,12899.42,5109140000,^IXIC
2020-12-29,12965.39,12973.33,12821.96,12850.22,4726920000,^IXIC
2020-12-30,12906.51,12924.93,12857.76,12870.00,5343010000,^IXIC
2020-12-31,12877.09,12902.07,12821.23,12888.28,4815840000,^IXIC
2021-01-04,12958.52,12958.72,12543.24,12698.45,6636170000,^IXIC
2021-01-05,12665.65,12828.27,12665.65,12818.96,6971860000,^IXIC
2021-01-06,12666.15,12909.63,12649.99,12740.79,7689880000,^IXIC
2021-01-07,12867.34,13090.91,12867.34,13067.48,6841480000,^IXIC
2021-01-08,13160.22,13208.09,13036.55,13201.98,7289390000,^IXIC
2021-01-11,13048.78,13138.27,12999.51,13036.43,6960470000,^IXIC
2021-01-12,13062.06,13105.04,12963.92,13072.43,7264070000,^IXIC
2021-01-13,13088.01,13171.15,13051.06,13128.95,7104810000,^IXIC
2021-01-14,13174.75,13220.16,13098.41,13112.64,6734100000,^IXIC
2021-01-15,13099.90,13139.83,12949.76,12998.50,6458360000,^IXIC
2021-01-19,13132.73,13206.86,13078.70,13197.18,6297860000,^IXIC
2021-01-20,13342.55,13486.13,13329.77,13457.25,6820990000,^IXIC
2021-01-21,13521.48,13560.35,13454.07,13530.91,7258640000,^IXIC
2021-01-22,13474.81,13567.14,13463.66,13543.06,5972750000,^IXIC
2021-01-25,13681.21,13728.98,13368.68,13635.99,7193710000,^IXIC
2021-01-26,13681.72,13702.69,13603.19,13626.06,6849600000,^IXIC
2021-01-27,13486.58,13538.42,13192.91,13270.60,11621190000,^IXIC
2021-01-28,13323.29,13507.64,13316.52,13337.16,9959270000,^IXIC
2021-01-29,13284.72,13322.00,12985.05,13070.69,7872250000,^IXIC
2021-02-01,13226.18,13431.46,13132.47,13403.39,7092520000,^IXIC
2021-02-02,13543.10,13652.70,13535.86,13612.78,7325270000,^IXIC
2021-02-03,13718.31,13723.83,13585.34,13610.54,7546940000,^IXIC
2021-02-04,13674.06,13778.42,13631.62,13777.74,7295370000,^IXIC
2021-02-05,13824.88,13878.16,13761.66,13856.30,6792910000,^IXIC
2021-02-08,13937.06,13987.74,13894.15,13987.64,8564530000,^IXIC
2021-02-09,13966.82,14044.95,13966.55,14007.70,8766770000,^IXIC
2021-02-10,14093.35,14109.12,13845.47,13972.53,10785930000,^IXIC
2021-02-11,14045.21,14058.91,13916.85,14025.77,10916780000,^IXIC
2021-02-12,13979.21,14102.04,13937.71,14095.47,7416940000,^IXIC
2021-02-16,14152.21,14175.12,13995.45,14047.50,7722100000,^IXIC
2021-02-17,13911.65,13976.43,13804.26,13965.49,7280500000,^IXIC
2021-02-18,13814.67,13905.96,13714.35,13865.36,6499420000,^IXIC
2021-02-19,13929.20,13985.58,13842.60,13874.46,6737820000,^IXIC
2021-02-22,13714.20,13757.06,13530.96,13533.05,6483740000,^IXIC
2021-02-23,13262.61,13526.09,13003.98,13465.20,7516510000,^IXIC
2021-02-24,13400.25,13607.36,13286.59,13597.97,5886230000,^IXIC
2021-02-25,13512.64,13602.86,13066.38,13119.43,6390380000,^IXIC
2021-02-26,13232.90,13368.06,13024.53,13192.35,5906110000,^IXIC
2021-03-01,13406.16,13596.59,13362.66,13588.83,5079530000,^IXIC
2021-03-02,13599.45,13601.33,13352.00,13358.79,4948140000,^IXIC
2021-03-03,13336.25,13372.52,12995.07,12997.75,5529980000,^IXIC
2021-03-04,12953.99,13068.71,12553.96,12723.47,7864380000,^IXIC
2021-03-05,12860.04,12941.21,12397.05,12920.15,7725200000,^IXIC
2021-03-08,12904.26,13001.00,12599.23,12609.16,6010230000,^IXIC
2021-03-09,12923.07,13151.54,12882.49,13073.82,6345560000,^IXIC
2021-03-10,13234.73,13277.11,13035.44,13068.83,6023880000,^IXIC
2021-03-11,13273.31,13433.62,13246.33,13398.67,6008850000,^IXIC
2021-03-12,13222.81,13324.69,13158.72,13319.86,5497210000,^IXIC
2021-03-15,13323.47,13460.35,13272.50,13459.71,5972370000,^IXIC
2021-03-16,13523.17,13620.71,13397.08,13471.57,5493890000,^IXIC
2021-03-17,13336.91,13595.00,13272.69,13525.20,5536110000,^IXIC
2021-03-18,13349.20,13384.46,13101.92,13116.17,5739720000,^IXIC
2021-03-19,13119.90,13252.37,13039.45,13215.24,7630590000,^IXIC
2021-03-22,13278.78,13455.64,13278.78,13377.54,5321760000,^IXIC
2021-03-23,13381.43,13405.15,13202.43,13227.70,5675010000,^IXIC
2021-03-24,13289.24,13292.92,12961.35,12961.89,6248650000,^IXIC
2021-03-25,12844.58,13021.86,12786.81,12977.68,5634290000,^IXIC
2021-03-26,12996.03,13149.55,12878.72,13138.73,5224360000,^IXIC
2021-03-29,13103.97,13143.41,12968.16,13059.65,4965090000,^IXIC
2021-03-30,13008.80,13075.75,12922.57,13045.39,4721950000,^IXIC
2021-03-31,13122.57,13325.54,13118.38,13246.87,5004720000,^IXIC
2021-04-01,13414.32,13487.08,13404.18,13480.11,4576480000,^IXIC
2021-04-05,13594.90,13720.58,13582.76,13705.59,4459000000,^IXIC
2021-04-06,13681.67,13776.71,13674.28,13698.38,4073710000,^IXIC
2021-04-07,13675.30,13733.03,13653.59,13688.84,4098740000,^IXIC
2021-04-08,13796.89,13830.14,13758.71,13829.31,4153600000,^IXIC
2021-04-09,13787.02,13905.41,13748.35,13900.19,3926110000,^IXIC
2021-04-12,13854.44,13877.00,13783.95,13850.00,4250900000,^IXIC
2021-04-13,13902.45,14011.51,13902.45,13996.10,4219360000,^IXIC
2021-04-14,14004.08,14033.63,13839.04,13857.84,4120770000,^IXIC
2021-04-15,13983.23,14049.13,13970.42,14038.76,4406880000,^IXIC
2021-04-16,14059.11,14062.50,13977.05,14052.34,4427780000,^IXIC
2021-04-19,13984.58,14041.79,13842.57,13914.77,4379610000,^IXIC
2021-04-20,13894.46,13927.67,13698.67,13786.27,4245120000,^IXIC
2021-04-21,13745.77,13951.35,13706.86,13950.22,3999620000,^IXIC
2021-04-22,13952.57,14015.87,13771.04,13818.41,4420820000,^IXIC
2021-04-23,13861.37,14062.74,13856.83,14016.81,4355100000,^IXIC
2021-04-26,14052.38,14154.03,14019.50,14138.78,4506210000,^IXIC
2021-04-27,14170.91,14171.24,14064.28,14090.22,4691460000,^IXIC
2021-04-28,14082.78,14133.65,14034.70,14051.03,4559710000,^IXIC
2021-04-29,14204.51,14211.57,13952.80,14082.55,4928030000,^IXIC
2021-04-30,13970.73,14084.76,13941.63,13962.68,4792460000,^IXIC
2021-05-03,14031.77,14042.12,13881.51,13895.12,4761430000,^IXIC
2021-05-04,13774.51,13795.57,13485.59,13633.50,5879730000,^IXIC
2021-05-05,13731.13,13753.05,13553.93,13582.42,4535690000,^IXIC
2021-05-06,13557.83,13635.73,13439.39,13632.84,5021400000,^IXIC
2021-05-07,13723.09,13828.62,13690.75,13752.24,4391100000,^IXIC
2021-05-10,13687.59,13687.93,13401.74,13401.86,4818670000,^IXIC
2021-05-11,13115.85,13423.31,13107.67,13389.43,4738390000,^IXIC
2021-05-12,13215.49,13288.61,13002.54,13031.68,4752930000,^IXIC
2021-05-13,13150.94,13247.87,13007.24,13124.99,4698110000,^IXIC
2021-05-14,13255.65,13460.88,13242.97,13429.98,4022610000,^IXIC
2021-05-17,13368.80,13399.17,13265.40,13379.05,3997780000,^IXIC
2021-05-18,13416.90,13485.34,13299.93,13303.64,4301300000,^IXIC
2021-05-19,13078.19,13304.61,13072.23,13299.74,4333520000,^IXIC
2021-05-20,13356.63,13563.52,13355.71,13535.74,3990760000,^IXIC
2021-05-21,13616.19,13616.58,13463.26,13470.99,3733940000,^IXIC
2021-05-24,13557.21,13708.85,13551.01,13661.17,3509470000,^IXIC
2021-05-25,13721.54,13751.14,13631.80,13657.17,4128990000,^IXIC
2021-05-26,13693.94,13750.16,13679.59,13738.00,4264500000,^IXIC
2021-05-27,13742.59,13776.52,13701.63,13736.28,5087180000,^IXIC
2021-05-28,13792.05,13820.87,13747.61,13748.74,4447940000,^IXIC
2021-06-01,13829.06,13836.17,13678.77,13736.48,4186280000,^IXIC
2021-06-02,13743.24,13775.89,13689.74,13756.33,5097630000,^IXIC
2021-06-03,13655.75,13684.13,13548.93,13614.51,5396250000,^IXIC
2021-06-04,13697.25,13826.82,13692.01,13814.49,4360710000,^IXIC
2021-06-07,13802.82,13889.11,13784.89,13881.72,4639210000,^IXIC
2021-06-08,13946.32,13981.72,13831.98,13924.91,5958410000,^IXIC
2021-06-09,13980.23,14003.50,13906.45,13911.75,5640490000,^IXIC
2021-06-10,13933.88,14031.19,13904.40,14020.33,4919880000,^IXIC
2021-06-11,14030.85,14069.42,14006.59,14069.42,4157580000,^IXIC
2021-06-14,14083.47,14175.45,14056.67,14174.14,4415160000,^IXIC
2021-06-15,14166.64,14171.02,14052.16,14072.86,4554580000,^IXIC
2021-06-16,14085.55,14129.69,13903.73,14039.68,4683030000,^IXIC
2021-06-17,13999.13,14196.21,13998.93,14161.35,4558280000,^IXIC
2021-06-18,14096.93,14129.22,14009.04,14030.38,6126070000,^IXIC
2021-06-21,14047.42,14150.78,13960.04,14141.48,4562010000,^IXIC
2021-06-22,14138.29,14269.77,14121.00,14253.27,4433140000,^IXIC
2021-06-23,14263.38,14317.66,14246.30,14271.73,4417470000,^IXIC
2021-06-24,14357.27,14414.46,14333.70,14369.71,4324620000,^IXIC
2021-06-25,14400.81,14409.08,14337.65,14360.39,7468090000,^IXIC
2021-06-28,14417.81,14505.19,14417.20,14500.51,4283000000,^IXIC
2021-06-29,14509.19,14535.97,14471.38,14528.33,4901300000,^IXIC
2021-06-30,14509.85,14526.81,14478.06,14503.95,5293810000,^IXIC
2021-07-01,14493.69,14533.55,14439.40,14522.38,4410470000,^IXIC
2021-07-02,14582.98,14649.11,14555.34,14639.33,3751420000,^IXIC
2021-07-06,14661.55,14687.00,14529.80,14663.64,4489540000,^IXIC
2021-07-07,14753.41,14755.33,14580.79,14665.06,4605630000,^IXIC
2021-07-08,14409.20,14610.06,14371.59,14559.78,4575010000,^IXIC
2021-07-09,14578.43,14710.20,14552.26,14701.92,3826500000,^IXIC
2021-07-12,14743.86,14761.08,14672.63,14733.24,3897090000,^IXIC
2021-07-13,14715.13,14803.68,14660.19,14677.65,4583460000,^IXIC
2021-07-14,14780.90,14790.55,14632.95,14644.95,4496220000,^IXIC
2021-07-15,14635.78,14650.37,14451.80,14543.13,4512550000,^IXIC
2021-07-16,14597.51,14623.02,14413.32,14427.24,4069530000,^IXIC
2021-07-19,14235.98,14313.60,14178.66,14274.98,4537130000,^IXIC
2021-07-20,14330.46,14555.75,14271.23,14498.88,4652450000,^IXIC
2021-07-21,14508.75,14633.14,14498.65,14631.95,4098520000,^IXIC
2021-07-22,14652.72,14694.19,14617.87,14684.60,3597540000,^IXIC
2021-07-23,14753.06,14846.06,14698.77,14836.99,3997250000,^IXIC
2021-07-26,14821.03,14863.65,14790.49,14840.71,4437090000,^IXIC
2021-07-27,14807.95,14811.08,14503.76,14660.58,4329230000,^IXIC
2021-07-28,14715.66,14798.88,14645.63,14762.58,4268210000,^IXIC
2021-07-29,14771.17,14833.74,14761.38,14778.26,3928640000,^IXIC
2021-07-30,14615.85,14728.78,14615.85,14672.68,3645050000,^IXIC
2021-08-02,14758.60,14770.41,14665.67,14681.07,3746130000,^IXIC
2021-08-03,14713.99,14762.60,14584.09,14761.29,4141370000,^IXIC
2021-08-04,14747.21,14812.37,14734.12,14780.53,4337330000,^IXIC
2021-08-05,14794.08,14896.47,14776.03,14895.12,4107300000,^IXIC
2021-08-06,14864.22,14890.18,14788.59,14835.76,4173090000,^IXIC
2021-08-09,14855.76,14883.81,14802.69,14860.18,4111640000,^IXIC
2021-08-10,14887.75,14894.61,14754.48,14788.09,3991770000,^IXIC
2021-08-11,14834.38,14842.50,14692.41,14765.14,4002340000,^IXIC
2021-08-12,14751.36,14824.31,14698.94,14816.26,4049000000,^IXIC
2021-08-13,14825.07,14850.61,14797.22,14822.90,4061070000,^IXIC
2021-08-16,14771.53,14794.68,14610.02,14793.76,3973920000,^IXIC
2021-08-17,14670.56,14716.95,14550.88,14656.18,4168880000,^IXIC
2021-08-18,14636.24,14697.25,14516.30,14525.91,3841840000,^IXIC
2021-08-19,14423.16,14610.76,14423.16,14541.79,4191490000,^IXIC
2021-08-20,14571.53,14722.16,14571.53,14714.66,3886340000,^IXIC
2021-08-23,14776.98,14963.47,14776.98,14942.65,3906780000,^IXIC
2021-08-24,14978.14,15034.89,14965.54,15019.80,3809750000,^IXIC
2021-08-25,15039.03,15059.43,15011.58,15041.86,3654150000,^IXIC
2021-08-26,15025.17,15059.63,14939.56,14945.81,3630900000,^IXIC
2021-08-27,14969.77,15144.48,14966.52,15129.50,4048610000,^IXIC
2021-08-30,15165.94,15288.08,15165.12,15265.89,4061760000,^IXIC
2021-08-31,15262.88,15278.96,15202.67,15259.24,4188020000,^IXIC
2021-09-01,15308.98,15379.50,15302.11,15309.38,4271690000,^IXIC
2021-09-02,15358.47,15380.07,15285.35,15331.18,4050510000,^IXIC
2021-09-03,15313.41,15375.56,15283.67,15363.52,3706990000,^IXIC
2021-09-07,15375.98,15403.44,15343.28,15374.33,4014250000,^IXIC
2021-09-08,15360.35,15360.35,15206.61,15286.64,4131560000,^IXIC
2021-09-09,15296.06,15352.38,15245.17,15248.25,4031140000,^IXIC
2021-09-10,15332.92,15349.47,15111.31,15115.49,4587150000,^IXIC
2021-09-13,15211.43,15215.44,15030.85,15105.58,4723370000,^IXIC
2021-09-14,15168.45,15181.19,15008.30,15037.76,4593140000,^IXIC
2021-09-15,15071.34,15174.38,14984.68,15161.53,4465140000,^IXIC
2021-09-16,15120.09,15205.50,15047.14,15181.92,3701500000,^IXIC
2021-09-17,15163.36,15166.56,14998.73,15043.97,6709540000,^IXIC
2021-09-20,14758.14,14841.82,14530.07,14713.90,4879490000,^IXIC
2021-09-21,14803.36,14847.03,14696.47,14746.40,4083010000,^IXIC
2021-09-22,14800.59,14950.12,14767.01,14896.85,4252490000,^IXIC
2021-09-23,14960.00,15085.44,14932.51,15052.24,4196130000,^IXIC
2021-09-24,14961.61,15067.56,14946.57,15047.70,3992150000,^IXIC
2021-09-27,14954.18,15003.16,14864.96,14969.97,4650790000,^IXIC
2021-09-28,14787.21,14817.74,14539.88,14546.68,4989510000,^IXIC
2021-09-29,14614.88,14676.62,14493.67,14512.44,5294600000,^IXIC
2021-09-30,14582.60,14632.36,14444.30,14448.58,5950950000,^IXIC
2021-10-01,14494.93,14606.82,14324.01,14566.70,4710720000,^IXIC
2021-10-04,14493.12,14499.74,14181.69,14255.48,4557110000,^IXIC
2021-10-05,14312.86,14508.65,14299.78,14433.83,4176390000,^IXIC
2021-10-06,14289.45,14509.55,14259.07,14501.91,4465910000,^IXIC
2021-10-07,14631.80,14755.72,14615.14,14654.02,3984180000,^IXIC
2021-10-08,14694.72,14699.91,14569.68,14579.54,3571380000,^IXIC
2021-10-11,14540.08,14665.99,14482.62,14486.20,3539540000,^IXIC
2021-10-12,14539.09,14552.71,14441.60,14465.92,4063830000,^IXIC
2021-10-13,14537.17,14589.28,14471.88,14571.64,4053580000,^IXIC
2021-10-14,14717.50,14827.56,14699.52,14823.43,4262400000,^IXIC
2021-10-15,14891.24,14904.98,14847.96,14897.34,4494440000,^IXIC
2021-10-18,14839.74,15026.68,14833.28,15021.81,4167740000,^IXIC
2021-10-19,15073.13,15137.85,15049.73,15129.09,4483400000,^IXIC
2021-10-20,15160.00,15178.39,15071.15,15121.68,4117050000,^IXIC
2021-10-21,15104.80,15222.25,15094.14,15215.70,4961860000,^IXIC
2021-10-22,15158.07,15193.01,15021.02,15090.20,5775770000,^IXIC
2021-10-25,15142.92,15259.63,15070.75,15226.71,5750200000,^IXIC
2021-10-26,15317.50,15384.00,15198.23,15235.71,7173230000,^IXIC
2021-10-27,15276.00,15364.54,15235.84,15235.84,6130110000,^IXIC
2021-10-28,15304.74,15452.30,15290.31,15448.12,5714890000,^IXIC
2021-10-29,15323.29,15504.12,15323.29,15498.39,5338290000,^IXIC
2021-11-01,15541.26,15598.95,15470.82,15595.92,5273950000,^IXIC
2021-11-02,15583.98,15656.60,15569.27,15649.60,5129370000,^IXIC
2021-11-03,15658.52,15821.57,15616.44,15811.58,5325110000,^IXIC
2021-11-04,15849.74,15966.09,15827.66,15940.31,5297250000,^IXIC
2021-11-05,16003.56,16053.39,15900.78,15971.59,5566400000,^IXIC
2021-11-08,15995.72,16038.23,15961.81,15982.36,5723650000,^IXIC
2021-11-09,16024.13,16035.21,15836.68,15886.54,5574660000,^IXIC
2021-11-10,15753.84,15867.24,15543.68,15622.71,5369110000,^IXIC
2021-11-11,15752.08,15768.03,15695.77,15704.28,4570460000,^IXIC
2021-11-12,15752.62,15874.57,15705.38,15860.96,5446540000,^IXIC
2021-11-15,15894.82,15918.45,15778.31,15853.85,5020180000,^IXIC
2021-11-16,15840.32,15989.61,15825.00,15973.86,5533020000,^IXIC
2021-11-17,15973.62,15998.57,15909.39,15921.57,5049320000,^IXIC
2021-11-18,15973.39,16010.88,15848.83,15993.71,5391360000,^IXIC
2021-11-19,16042.16,16121.12,16017.23,16057.44,4875310000,^IXIC
2021-11-22,16120.92,16212.23,15851.04,15854.76,5567830000,^IXIC
2021-11-23,15809.50,15895.86,15601.46,15775.14,5434380000,^IXIC
2021-11-24,15677.88,15848.56,15591.36,15845.23,4197090000,^IXIC
2021-11-26,15664.38,15731.54,15456.09,15491.66,3502170000,^IXIC
2021-11-29,15719.42,15833.11,15644.61,15782.83,4836230000,^IXIC
2021-11-30,15716.50,15828.20,15451.39,15537.69,6631470000,^IXIC
2021-12-01,15752.27,15816.82,15243.93,15254.05,6320260000,^IXIC
2021-12-02,15181.82,15444.54,15150.12,15381.32,5418340000,^IXIC
2021-12-03,15428.71,15470.36,14931.06,15085.47,5900290000,^IXIC
2021-12-06,15117.63,15281.99,14931.61,15225.15,5115230000,^IXIC
2021-12-07,15510.91,15720.09,15507.66,15686.92,5116490000,^IXIC
2021-12-08,15690.65,15792.64,15618.88,15786.99,4615390000,^IXIC
2021-12-09,15720.54,15796.05,15511.12,15517.37,4515600000,^IXIC
2021-12-10,15629.59,15677.60,15477.85,15630.60,4426210000,^IXIC
2021-12-13,15621.27,15637.06,15408.25,15413.28,4573920000,^IXIC
2021-12-14,15215.96,15317.55,15097.35,15237.64,4865990000,^IXIC
2021-12-15,15230.71,15575.76,15055.23,15565.58,5343920000,^IXIC
2021-12-16,15629.08,15633.19,15119.49,15180.43,4906480000,^IXIC
2021-12-17,15036.77,15288.78,14960.37,15169.68,7668770000,^IXIC
2021-12-20,14933.00,15007.30,14860.04,14980.94,4602640000,^IXIC
2021-12-21,15140.43,15349.06,15015.03,15341.09,4581720000,^IXIC
2021-12-22,15319.16,15525.97,15303.06,15521.89,4107900000,^IXIC
2021-12-23,15544.79,15697.98,15528.91,15653.37,3935010000,^IXIC
2021-12-27,15696.83,15871.40,15696.83,15871.26,3743920000,^IXIC
2021-12-28,15895.20,15901.47,15757.07,15781.72,3648500000,^IXIC
2021-12-29,15794.92,15821.81,15679.85,15766.22,3714380000,^IXIC
2021-12-30,15758.98,15868.09,15729.16,15741.56,3750920000,^IXIC
2021-12-31,15722.91,15777.43,15643.94,15644.97,3392580000,^IXIC
2022-01-03,15732.50,15832.80,15644.09,15832.80,4429960000,^IXIC
2022-01-04,15852.14,15852.14,15512.41,15622.72,5131110000,^IXIC
2022-01-05,15547.16,15586.30,15095.18,15100.17,5031850000,^IXIC
2022-01-06,15024.15,15198.45,14914.87,15080.86,4790820000,^IXIC
2022-01-07,15095.72,15171.02,14877.63,14935.90,4238070000,^IXIC
2022-01-10,14751.78,14953.85,14530.23,14942.83,5317180000,^IXIC
2022-01-11,14919.26,15158.71,14837.63,15153.45,4390710000,^IXIC
2022-01-12,15263.10,15319.03,15117.29,15188.39,4338530000,^IXIC
2022-01-13,15245.04,15259.71,14782.24,14806.81,4302020000,^IXIC
2022-01-14,14708.02,14897.68,14689.43,14893.75,4374020000,^IXIC
2022-01-18,14681.83,14740.54,14482.94,14506.90,5060790000,^IXIC
2022-01-19,14582.22,14658.89,14331.65,14340.26,4665340000,^IXIC
2022-01-20,14462.85,14642.03,14140.78,14154.02,5102050000,^IXIC
2022-01-21,14046.22,14171.72,13764.24,13768.92,5870830000,^IXIC
2022-01-24,13481.50,13876.61,13094.65,13855.13,6998770000,^IXIC
2022-01-25,13610.87,13781.62,13414.14,13539.29,5019380000,^IXIC
2022-01-26,13871.77,14002.65,13392.19,13542.12,5771140000,^IXIC
2022-01-27,13710.99,13765.91,13322.66,13352.78,5177380000,^IXIC
2022-01-28,13436.71,13771.91,13236.56,13770.57,4971930000,^IXIC
2022-01-31,13812.19,14242.90,13767.71,14239.88,5124940000,^IXIC
2022-02-01,14277.43,14358.69,14070.77,14346.00,4671850000,^IXIC
2022-02-02,14494.47,14504.82,14264.65,14417.55,4673140000,^IXIC
2022-02-03,14045.83,14207.89,13851.74,13878.82,4326300000,^IXIC
2022-02-04,13958.48,14222.76,13850.39,14098.01,4121340000,^IXIC
2022-02-07,14118.79,14236.31,13974.10,14015.67,4268730000,^IXIC
2022-02-08,13984.43,14226.48,13934.78,14194.45,4293770000,^IXIC
2022-02-09,14368.16,14490.72,14330.87,14490.37,4729730000,^IXIC
2022-02-10,14228.68,14509.56,14118.20,14185.64,5212510000,^IXIC
2022-02-11,14213.62,14246.70,13733.16,13791.15,5237320000,^IXIC
2022-02-14,13768.97,13921.71,13664.76,13790.92,4347350000,^IXIC
2022-02-15,13997.18,14142.49,13976.29,14139.76,4416840000,^IXIC
2022-02-16,14038.92,14163.73,13931.99,14124.09,4238560000,^IXIC
2022-02-17,14004.19,14020.82,13704.70,13716.72,4278370000,^IXIC
2022-02-18,13735.40,13762.40,13465.56,13548.07,4501940000,^IXIC
2022-02-22,13424.36,13618.72,13249.65,13381.52,4849170000,^IXIC
2022-02-23,13511.75,13533.78,13032.17,13037.49,4639330000,^IXIC
2022-02-24,12587.88,13486.11,12587.88,13473.59,6180200000,^IXIC
2022-02-25,13485.26,13696.86,13358.29,13694.62,4628720000,^IXIC
2022-02-28,13570.83,13810.64,13549.90,13751.40,5928130000,^IXIC
2022-03-01,13716.70,13777.04,13441.32,13532.46,6131350000,^IXIC
2022-03-02,13597.53,13796.55,13493.91,13752.02,5246390000,^IXIC
2022-03-03,13837.59,13837.59,13472.64,13537.94,5092580000,^IXIC
2022-03-04,13455.23,13486.71,13224.98,13313.44,5343900000,^IXIC
2022-03-07,13328.36,13353.28,12828.02,12830.96,6195370000,^IXIC
2022-03-08,12800.04,13159.44,12670.08,12795.55,6683960000,^IXIC
2022-03-09,13113.70,13301.16,13039.79,13255.55,5396550000,^IXIC
2022-03-10,13098.35,13163.50,12946.28,13129.96,5071250000,^IXIC
2022-03-11,13229.77,13239.35,12830.37,12843.81,5288210000,^IXIC
2022-03-14,12795.12,12918.01,12555.35,12581.22,5876710000,^IXIC
2022-03-15,12685.23,12973.88,12616.59,12948.62,5440100000,^IXIC
2022-03-16,13119.37,13440.12,12992.20,13436.55,6552210000,^IXIC
2022-03-17,13360.72,13620.80,13317.14,13614.78,5612090000,^IXIC
2022-03-18,13564.63,13899.28,13528.06,13893.84,8149290000,^IXIC
2022-03-21,13860.39,13945.81,13682.55,13838.46,5673940000,^IXIC
2022-03-22,13866.43,14141.07,13857.29,14108.82,5445100000,^IXIC
2022-03-23,13990.35,14152.14,13921.65,13922.60,5024230000,^IXIC
2022-03-24,14001.32,14193.55,13897.20,14191.84,5149520000,^IXIC
2022-03-25,14194.72,14218.76,14010.79,14169.30,5585100000,^IXIC
2022-03-28,14177.21,14356.00,14101.34,14354.90,5129500000,^IXIC
2022-03-29,14500.39,14646.90,14419.40,14619.64,6060890000,^IXIC
2022-03-30,14558.59,14609.25,14383.45,14442.27,5479200000,^IXIC
2022-03-31,14444.78,14456.74,14217.72,14220.52,5453890000,^IXIC
2022-04-01,14269.53,14306.94,14131.81,14261.50,5002790000,^IXIC
2022-04-04,14304.35,14534.38,14286.45,14532.55,4630100000,^IXIC
2022-04-05,14490.26,14500.29,14169.12,14204.17,4727710000,^IXIC
2022-04-06,14002.58,14032.84,13788.90,13888.82,5360420000,^IXIC
2022-04-07,13861.49,13978.25,13689.23,13897.30,4856090000,^IXIC
2022-04-08,13830.47,13866.06,13693.69,13711.00,4574080000,^IXIC
2022-04-11,13547.29,13585.08,13401.39,13411.96,4946680000,^IXIC
2022-04-12,13584.69,13685.95,13317.74,13371.57,4991720000,^IXIC
2022-04-13,13373.12,13679.43,13353.66,13643.59,4909720000,^IXIC
2022-04-14,13647.43,13662.93,13345.22,13351.08,4642240000,^IXIC
2022-04-18,13319.39,13414.27,13222.03,13332.36,4365230000,^IXIC
2022-04-19,13312.44,13643.97,13281.22,13619.66,4562840000,^IXIC
2022-04-20,13665.38,13678.55,13426.13,13453.07,4678930000,^IXIC
2022-04-21,13623.70,13710.70,13140.83,13174.65,5233110000,^IXIC
2022-04-22,13168.80,13212.60,12828.02,12839.29,4475090000,^IXIC
2022-04-25,12749.17,13011.45,12722.59,13004.85,4845160000,^IXIC
2022-04-26,12918.04,12918.04,12490.74,12490.74,5168160000,^IXIC
2022-04-27,12500.88,12703.79,12430.90,12488.93,4810720000,^IXIC
2022-04-28,12712.86,12948.52,12487.86,12871.53,5067150000,^IXIC
2022-04-29,12710.42,12861.83,12315.74,12334.64,4733070000,^IXIC
2022-05-02,12331.69,12542.54,12202.41,12536.02,4918240000,^IXIC
2022-05-03,12511.46,12645.83,12460.99,12563.76,4547280000,^IXIC
2022-05-04,12574.73,12985.01,12367.02,12964.86,5498050000,^IXIC
2022-05-05,12787.52,12787.52,12183.56,12317.69,5308920000,^IXIC
2022-05-06,12246.83,12358.42,11990.15,12144.66,5324480000,^IXIC
2022-05-09,11923.03,11990.61,11574.94,11623.25,5939140000,^IXIC
2022-05-10,11900.34,11944.94,11566.28,11737.67,6218260000,^IXIC
2022-05-11,11645.57,11844.51,11339.18,11364.24,6152370000,^IXIC
2022-05-12,11199.25,11547.33,11108.76,11370.96,6679470000,^IXIC
2022-05-13,11555.97,11856.71,11510.26,11805.00,5894020000,^IXIC
2022-05-16,11727.14,11804.59,11627.53,11662.79,4930250000,^IXIC
2022-05-17,11905.57,11988.43,11754.28,11984.52,5093960000,^IXIC
2022-05-18,11790.68,11826.22,11381.69,11418.15,5064120000,^IXIC
2022-05-19,11364.40,11562.82,11313.31,11388.50,5154410000,^IXIC
2022-05-20,11542.67,11552.21,11035.69,11354.62,5434370000,^IXIC
2022-05-23,11396.28,11552.07,11304.56,11535.27,4552200000,^IXIC
2022-05-24,11326.44,11351.61,11092.48,11264.45,4724430000,^IXIC
2022-05-25,11225.03,11511.90,11211.85,11434.74,4519690000,^IXIC
2022-05-26,11409.84,11796.97,11406.16,11740.65,4672620000,^IXIC
2022-05-27,11869.69,12131.66,11856.82,12131.13,4793900000,^IXIC
2022-05-31,12137.54,12190.08,11942.50,12081.39,6045500000,^IXIC
2022-06-01,12176.89,12237.94,11901.43,11994.46,4719900000,^IXIC
2022-06-02,11945.57,12320.12,11901.45,12316.90,4445840000,^IXIC
2022-06-03,12097.12,12167.44,11966.62,12012.73,4130040000,^IXIC
2022-06-06,12200.33,12245.40,12004.20,12061.37,4647010000,^IXIC
2022-06-07,11925.81,12194.86,11888.61,12175.23,4411240000,^IXIC
2022-06-08,12147.28,12235.78,12052.70,12086.27,4708980000,^IXIC
2022-06-09,12016.47,12115.06,11751.98,11754.23,5408460000,^IXIC
2022-06-10,11543.88,11569.15,11328.27,11340.02,5152020000,^IXIC
2022-06-13,10986.85,11071.48,10775.14,10809.23,5937320000,^IXIC
2022-06-14,10897.43,10926.81,10733.04,10828.35,4819890000,^IXIC
2022-06-15,10968.40,11244.26,10866.39,11099.15,5368500000,^IXIC
2022-06-16,10806.02,10831.07,10565.14,10646.10,5696630000,^IXIC
2022-06-17,10697.55,10884.71,10638.72,10798.35,7452830000,^IXIC
2022-06-21,10974.05,11164.99,10974.05,11069.30,5226260000,^IXIC
2022-06-22,10941.95,11216.77,10938.06,11053.08,5238180000,^IXIC
2022-06-23,11137.68,11260.27,11046.28,11232.19,5258200000,^IXIC
2022-06-24,11351.31,11613.23,11337.78,11607.62,9468130000,^IXIC
2022-06-27,11661.02,11677.49,11487.07,11524.55,5047860000,^IXIC
2022-06-28,11542.24,11635.85,11177.68,11181.54,5433220000,^IXIC
2022-06-29,11160.22,11226.33,11072.19,11177.89,5650860000,^IXIC
2022-06-30,11048.25,11160.92,10850.01,11028.74,5654520000,^IXIC
2022-07-01,11006.83,11132.55,10922.71,11127.85,4865730000,^IXIC
2022-07-05,10964.18,11323.89,10911.45,11322.24,5053570000,^IXIC
2022-07-06,11337.90,11443.15,11250.32,11361.85,4851170000,^IXIC
2022-07-07,11422.60,11644.47,11412.88,11621.35,4685050000,^IXIC
2022-07-08,11503.61,11689.70,11479.77,11635.31,4526570000,^IXIC
2022-07-11,11524.49,11541.10,11348.06,11372.60,4362910000,^IXIC
2022-07-12,11420.89,11483.17,11207.08,11264.73,4317860000,^IXIC
2022-07-13,11056.55,11325.67,11031.27,11247.58,4433060000,^IXIC
2022-07-14,11151.21,11279.97,11005.93,11251.19,4481070000,^IXIC
2022-07-15,11379.36,11454.69,11295.33,11452.42,4369060000,^IXIC
2022-07-18,11561.64,11629.03,11322.84,11360.05,5057920000,^IXIC
2022-07-19,11515.00,11721.22,11448.97,11713.15,5302740000,^IXIC
2022-07-20,11726.09,11939.96,11703.36,11897.65,5467080000,^IXIC
2022-07-21,11914.15,12060.59,11812.72,12059.61,4680930000,^IXIC
2022-07-22,12025.37,12093.02,11767.19,11834.11,4721880000,^IXIC
2022-07-25,11837.96,11855.11,11707.53,11782.67,4346520000,^IXIC
2022-07-26,11701.53,11711.31,11533.37,11562.57,4349760000,^IXIC
2022-07-27,11756.19,12081.73,11718.38,12032.42,4588480000,^IXIC
2022-07-28,12036.48,12179.09,11886.67,12162.59,4924950000,^IXIC
2022-07-29,12239.69,12426.26,12181.13,12390.69,4907410000,^IXIC
2022-08-01,12317.96,12499.72,12271.98,12368.98,4396390000,^IXIC
2022-08-02,12287.67,12503.34,12260.48,12348.76,4792140000,^IXIC
2022-08-03,12433.87,12699.64,12425.21,12668.16,5667990000,^IXIC
2022-08-04,12675.04,12736.19,12600.78,12720.58,5451470000,^IXIC
2022-08-05,12538.80,12720.44,12525.77,12657.55,4911300000,^IXIC
2022-08-08,12703.72,12855.15,12597.75,12644.46,5238600000,^IXIC
2022-08-09,12557.49,12582.91,12438.86,12493.93,5307340000,^IXIC
2022-08-10,12793.44,12861.44,12698.61,12854.80,5196210000,^IXIC
2022-08-11,12944.82,13026.24,12760.09,12779.91,5815960000,^IXIC
2022-08-12,12866.31,13047.19,12821.22,13047.19,4782610000,^IXIC
2022-08-15,12996.63,13146.06,12993.78,13128.05,4476040000,^IXIC
2022-08-16,13082.64,13181.09,12979.24,13102.55,5028410000,^IXIC
2022-08-17,12968.63,13053.51,12863.01,12938.12,5229520000,^IXIC
2022-08-18,12937.79,13002.66,12873.49,12965.34,4724350000,^IXIC
2022-08-19,12832.27,12859.01,12674.87,12705.22,4628170000,^IXIC
2022-08-22,12523.16,12538.55,12353.73,12381.57,4270980000,^IXIC
2022-08-23,12380.37,12490.85,12352.03,12381.30,3836180000,^IXIC
2022-08-24,12375.15,12504.33,12350.16,12431.53,3917170000,^IXIC
2022-08-25,12506.37,12641.26,12471.98,12639.27,4323470000,^IXIC
2022-08-26,12630.58,12655.84,12141.52,12141.71,4530000000,^IXIC
2022-08-29,12021.05,12124.87,11981.42,12017.67,4209850000,^IXIC
2022-08-30,12093.06,12101.85,11790.02,11883.14,4681520000,^IXIC
2022-08-31,11972.56,12027.43,11814.17,11816.20,4952010000,^IXIC
2022-09-01,11707.44,11798.37,11546.52,11785.13,4792890000,^IXIC
2022-09-02,11899.14,11945.91,11573.51,11630.86,4257410000,^IXIC
2022-09-06,11643.03,11679.43,11471.50,11544.91,4622940000,^IXIC
2022-09-07,11559.38,11819.07,11555.08,11791.90,4445640000,^IXIC
2022-09-08,11679.86,11896.73,11660.53,11862.13,4329910000,^IXIC
2022-09-09,11958.61,12132.67,11958.61,12112.31,4401590000,^IXIC
2022-09-12,12174.94,12270.19,12169.28,12266.41,4146680000,^IXIC
2022-09-13,11908.81,11957.97,11604.43,11633.57,5188380000,^IXIC
2022-09-14,11680.41,11746.83,11602.76,11719.68,4861530000,^IXIC
2022-09-15,11633.24,11760.73,11497.11,11552.36,4805910000,^IXIC
2022-09-16,11401.21,11460.43,11316.92,11448.40,7451840000,^IXIC
2022-09-19,11338.57,11538.13,11337.83,11535.02,4168670000,^IXIC
2022-09-20,11440.14,11520.99,11343.72,11425.05,4028100000,^IXIC
2022-09-21,11466.21,11613.57,11218.99,11220.19,4471000000,^IXIC
2022-09-22,11167.38,11203.77,11024.64,11066.81,4916470000,^IXIC
2022-09-23,10952.69,10958.29,10732.72,10867.93,5134350000,^IXIC
2022-09-26,10833.38,11024.00,10789.05,10802.92,4697730000,^IXIC
2022-09-27,10955.29,11040.98,10741.02,10829.50,4445050000,^IXIC
2022-09-28,10817.52,11101.50,10776.34,11051.64,4556100000,^IXIC
2022-09-29,10894.44,10899.47,10623.22,10737.51,4516630000,^IXIC
2022-09-30,10697.71,10883.04,10572.33,10575.62,4649710000,^IXIC
2022-10-03,10659.01,10875.46,10577.89,10815.43,4415440000,^IXIC
2022-10-04,11054.72,11189.96,11044.04,11176.41,5004780000,^IXIC
2022-10-05,11022.67,11210.32,10910.76,11148.64,4091860000,^IXIC
2022-10-06,11129.04,11230.44,11051.27,11073.31,4423320000,^IXIC
2022-10-07,10877.28,10891.93,10608.52,10652.40,4634190000,^IXIC
2022-10-10,10659.95,10669.93,10449.04,10542.10,3989640000,^IXIC
2022-10-11,10484.37,10608.84,10351.98,10426.19,4738840000,^IXIC
2022-10-12,10437.00,10494.53,10372.21,10417.10,4091030000,^IXIC
2022-10-13,10131.82,10697.71,10088.83,10649.15,5300080000,^IXIC
2022-10-14,10742.81,10766.69,10308.81,10321.39,4393000000,^IXIC
2022-10-17,10575.65,10696.59,10569.69,10675.80,4439190000,^IXIC
2022-10-18,10963.99,10972.97,10670.12,10772.40,5047360000,^IXIC
2022-10-19,10689.31,10808.04,10592.88,10680.51,4955090000,^IXIC
2022-10-20,10657.41,10837.30,10574.55,10614.84,4628010000,^IXIC
2022-10-21,10576.04,10875.72,10542.43,10859.72,4706440000,^IXIC
2022-10-24,10867.07,10983.52,10713.33,10952.61,4808710000,^IXIC
2022-10-25,10996.97,11210.38,10996.97,11199.12,5141760000,^IXIC
2022-10-26,10969.02,11205.84,10948.38,10970.99,5224440000,^IXIC
2022-10-27,10971.95,10998.73,10780.50,10792.67,4773520000,^IXIC
2022-10-28,10766.20,11117.04,10766.20,11102.45,4731940000,^IXIC
2022-10-31,11028.43,11047.94,10914.01,10988.15,4753740000,^IXIC
2022-11-01,11154.74,11156.35,10881.19,10890.85,4677520000,^IXIC
2022-11-02,10885.01,10993.24,10522.90,10524.80,5436420000,^IXIC
2022-11-03,10399.45,10486.01,10319.54,10342.94,5102190000,^IXIC
2022-11-04,10548.14,10553.63,10262.93,10475.25,5453750000,^IXIC
2022-11-07,10516.94,10587.96,10428.91,10564.52,4456690000,^IXIC
2022-11-08,10611.53,10745.64,10472.73,10616.20,5134500000,^IXIC
2022-11-09,10528.45,10564.97,10344.01,10353.17,4977460000,^IXIC
2022-11-10,10869.17,11119.12,10779.95,11114.15,6433000000,^IXIC
2022-11-11,11124.75,11352.43,11069.83,11323.33,5867750000,^IXIC
2022-11-14,11233.90,11350.12,11167.17,11196.22,5004060000,^IXIC
2022-11-15,11474.82,11492.62,11241.15,11358.41,5617310000,^IXIC
2022-11-16,11260.10,11286.10,11162.92,11183.66,4585190000,^IXIC
2022-11-17,11008.67,11198.84,11006.21,11144.96,4354360000,^IXIC
2022-11-18,11257.01,11259.44,11059.16,11146.06,4175420000,^IXIC
2022-11-21,11091.01,11128.78,10999.75,11024.51,3977130000,^IXIC
2022-11-22,11058.56,11179.87,10975.66,11174.41,4186360000,^IXIC
2022-11-23,11174.61,11310.82,11174.61,11285.32,4431530000,^IXIC
2022-11-25,11231.00,11261.57,11206.38,11226.36,2184080000,^IXIC
2022-11-28,11147.57,11217.75,11020.69,11049.50,4271360000,^IXIC
2022-11-29,11060.02,11086.02,10944.37,10983.78,4592830000,^IXIC
2022-11-30,10995.20,11468.47,10966.53,11468.00,6653460000,^IXIC
2022-12-01,11475.17,11546.77,11378.75,11482.45,5158120000,^IXIC
2022-12-02,11308.38,11492.32,11296.72,11461.50,4523010000,^IXIC
2022-12-05,11380.99,11425.51,11193.02,11239.94,4510030000,^IXIC
2022-12-06,11228.42,11241.42,10956.20,11014.89,4713330000,^IXIC
2022-12-07,10963.95,11039.81,10910.62,10958.55,4343860000,^IXIC
2022-12-08,11011.33,11119.16,10939.47,11082.00,4281800000,^IXIC
2022-12-09,11038.17,11138.70,10999.26,11004.62,4337440000,^IXIC
2022-12-12,11015.48,11144.67,10984.82,11143.74,4829990000,^IXIC
2022-12-13,11542.84,11571.64,11160.54,11256.81,6126890000,^IXIC
2022-12-14,11248.09,11352.09,11065.24,11170.89,5485150000,^IXIC
2022-12-15,11012.62,11029.57,10775.61,10810.53,5536070000,^IXIC
2022-12-16,10767.63,10833.24,10642.10,10705.41,7968170000,^IXIC
2022-12-19,10707.44,10713.97,10497.55,10546.03,4631820000,^IXIC
2022-12-20,10490.89,10609.46,10446.82,10547.11,4707190000,^IXIC
2022-12-21,10592.00,10753.57,10569.20,10709.37,4401420000,^IXIC
2022-12-22,10586.46,10599.34,10313.32,10476.12,5125070000,^IXIC
2022-12-23,10437.75,10514.76,10361.82,10497.86,3544680000,^IXIC
2022-12-27,10462.19,10472.32,10340.73,10353.23,3827290000,^IXIC
2022-12-28,10339.20,10414.82,10207.47,10213.29,3842970000,^IXIC
2022-12-29,10321.46,10502.08,10301.06,10478.09,4154100000,^IXIC
2022-12-30,10368.37,10468.31,10324.70,10466.48,3959030000,^IXIC
2023-01-03,10562.06,10613.06,10309.16,10386.98,4780650000,^IXIC
2023-01-04,10467.82,10515.22,10337.64,10458.76,5085380000,^IXIC
2023-01-05,10390.31,10393.22,10295.25,10305.24,4764270000,^IXIC
2023-01-06,10363.96,10604.14,10265.04,10569.29,5199780000,^IXIC
2023-01-09,10662.10,10807.26,10619.12,10635.65,5132190000,^IXIC
2023-01-10,10607.72,10743.67,10589.59,10742.63,4710680000,^IXIC
2023-01-11,10794.99,10932.44,10762.73,10931.67,5284390000,^IXIC
2023-01-12,10969.26,11027.75,10797.12,11001.10,5681240000,^IXIC
2023-01-13,10906.37,11084.01,10900.16,11079.16,5077990000,^IXIC
2023-01-17,11070.00,11145.44,11024.72,11095.11,5138410000,^IXIC
2023-01-18,11170.95,11223.41,10952.05,10957.01,5288630000,^IXIC
2023-01-19,10890.40,10932.52,10804.57,10852.27,4660800000,^IXIC
2023-01-20,10924.66,11143.17,10885.65,11140.43,5980110000,^IXIC
2023-01-23,11171.94,11405.50,11144.03,11364.41,5997810000,^IXIC
2023-01-24,11302.93,11378.15,11282.65,11334.27,5670860000,^IXIC
2023-01-25,11146.53,11334.22,11069.18,11313.36,5485570000,^IXIC
2023-01-26,11458.40,11516.05,11341.19,11512.41,5732890000,^IXIC
2023-01-27,11470.47,11691.89,11470.27,11621.71,6243800000,^IXIC
2023-01-30,11512.34,11553.31,11388.54,11393.81,5122320000,^IXIC
2023-01-31,11398.58,11586.01,11398.37,11584.55,5695150000,^IXIC
2023-02-01,11573.14,11904.02,11500.33,11816.32,6336040000,^IXIC
2023-02-02,12065.15,12269.55,12024.14,12200.82,7038210000,^IXIC
2023-02-03,11946.86,12231.31,11946.86,12006.95,5954490000,^IXIC
2023-02-06,11904.41,11973.41,11843.49,11887.45,5538350000,^IXIC
2023-02-07,11891.25,12150.22,11836.78,12113.79,5720240000,^IXIC
2023-02-08,12069.12,12096.39,11890.09,11910.52,5052870000,^IXIC
2023-02-09,12069.10,12070.96,11745.11,11789.58,5536290000,^IXIC
2023-02-10,11714.60,11775.80,11630.54,11718.12,4885030000,^IXIC
2023-02-13,11759.09,11910.92,11719.73,11891.79,4752880000,^IXIC
2023-02-14,11808.20,11999.85,11760.56,11960.15,5032430000,^IXIC
2023-02-15,11905.12,12071.29,11876.82,12070.59,5056640000,^IXIC
2023-02-16,11896.31,12040.34,11853.36,11855.83,5159410000,^IXIC
2023-02-17,11777.50,11803.22,11673.21,11787.27,4925230000,^IXIC
2023-02-21,11640.37,11684.14,11491.18,11492.30,5002540000,^IXIC
2023-02-22,11517.20,11582.52,11445.17,11507.07,4671270000,^IXIC
2023-02-23,11636.93,11638.98,11432.58,11590.40,4714580000,^IXIC
2023-02-24,11404.18,11434.36,11334.47,11394.94,4432650000,^IXIC
2023-02-27,11517.19,11565.23,11444.60,11466.98,4494000000,^IXIC
2023-02-28,11451.05,11548.23,11435.39,11455.54,5340950000,^IXIC
2023-03-01,11447.58,11479.00,11349.87,11379.48,4927530000,^IXIC
2023-03-02,11273.77,11487.59,11273.61,11462.98,5313760000,^IXIC
2023-03-03,11524.65,11699.63,11514.74,11689.01,5102210000,^IXIC
2023-03-06,11736.87,11827.92,11667.48,11675.74,4982880000,^IXIC
2023-03-07,11670.98,11705.96,11512.03,11530.33,5422820000,^IXIC
2023-03-08,11553.09,11601.23,11487.75,11576.00,5085970000,^IXIC
2023-03-09,11578.31,11667.12,11319.98,11338.35,5061790000,^IXIC
2023-03-10,11325.36,11373.81,11093.86,11138.89,6193500000,^IXIC
2023-03-13,11041.46,11326.73,10982.80,11188.84,6201490000,^IXIC
2023-03-14,11357.73,11467.02,11284.93,11428.15,5533120000,^IXIC
2023-03-15,11291.17,11447.90,11238.44,11434.05,5912430000,^IXIC
2023-03-16,11384.87,11733.80,11365.49,11717.28,5498920000,^IXIC
2023-03-17,11696.34,11773.11,11562.63,11630.51,7903090000,^IXIC
2023-03-20,11614.39,11695.55,11550.69,11675.54,4970630000,^IXIC
2023-03-21,11764.79,11879.16,11724.91,11860.11,4829870000,^IXIC
2023-03-22,11857.50,12013.99,11666.85,11669.96,4981590000,^IXIC
2023-03-23,11811.32,11962.69,11684.52,11787.40,4917460000,^IXIC
2023-03-24,11747.62,11826.23,11670.67,11823.96,4363650000,^IXIC
2023-03-27,11868.54,11903.21,11739.05,11768.84,4330320000,^IXIC
2023-03-28,11752.76,11752.76,11635.03,11716.08,4036910000,^IXIC
2023-03-29,11855.59,11941.60,11823.35,11926.24,4493540000,^IXIC
2023-03-30,12010.45,12044.79,11953.37,12013.47,4738880000,^IXIC
2023-03-31,12031.54,12227.93,12030.44,12221.91,5521150000,^IXIC
2023-04-03,12146.09,12196.34,12086.52,12189.45,4816440000,^IXIC
2023-04-04,12208.49,12224.68,12081.81,12126.33,4298760000,^IXIC
2023-04-05,12081.76,12086.75,11931.85,11996.86,4378590000,^IXIC
2023-04-06,11939.08,12098.50,11898.36,12087.96,3862800000,^IXIC
2023-04-10,11975.13,12084.95,11924.20,12084.36,4334070000,^IXIC
2023-04-11,12080.24,12091.27,12011.40,12031.88,4676960000,^IXIC
2023-04-12,12110.87,12134.50,11916.54,11929.34,4909770000,^IXIC
2023-04-13,11997.42,12178.80,11995.94,12166.27,4942990000,^IXIC
2023-04-14,12117.91,12205.72,12026.55,12123.47,4655740000,^IXIC
2023-04-17,12108.23,12159.02,12064.10,12157.72,4823180000,^IXIC
2023-04-18,12234.56,12245.43,12110.23,12153.41,4851810000,^IXIC
2023-04-19,12063.68,12191.10,12060.17,12157.23,4972700000,^IXIC
2023-04-20,12039.08,12155.96,12011.95,12059.56,4590530000,^IXIC
2023-04-21,12046.03,12097.15,11986.82,12072.46,4868050000,^IXIC
2023-04-24,12053.47,12103.58,11960.30,12037.20,4854050000,^IXIC
2023-04-25,11968.81,11990.46,11798.77,11799.16,4806020000,^IXIC
2023-04-26,11913.23,11967.99,11833.07,11854.35,5281970000,^IXIC
2023-04-27,11972.15,12154.01,11950.92,12142.24,5253710000,^IXIC
2023-04-28,12117.54,12227.72,12082.57,12226.58,5331380000,^IXIC
2023-05-01,12210.05,12261.32,12181.08,12212.60,5168430000,^IXIC
2023-05-02,12198.02,12206.58,12015.23,12080.51,5501410000,^IXIC
2023-05-03,12097.04,12212.55,12022.46,12025.33,5782160000,^IXIC
2023-05-04,11997.34,12033.15,11925.37,11966.40,4745780000,^IXIC
2023-05-05,12073.03,12264.83,12065.72,12235.41,4574790000,^IXIC
2023-05-08,12231.68,12264.99,12178.26,12256.92,4216360000,^IXIC
2023-05-09,12195.78,12216.13,12174.06,12179.55,4126780000,^IXIC
2023-05-10,12286.66,12337.69,12180.86,12306.44,4948260000,^IXIC
2023-05-11,12321.26,12347.38,12255.44,12328.51,4489490000,^IXIC
2023-05-12,12350.52,12364.65,12209.58,12284.74,4170000000,^IXIC
2023-05-15,12301.17,12376.40,12263.35,12365.21,3979290000,^IXIC
2023-05-16,12327.05,12403.81,12324.52,12343.05,4067510000,^IXIC
2023-05-17,12388.58,12514.07,12335.02,12500.57,4501820000,^IXIC
2023-05-18,12513.87,12698.50,12512.26,12688.84,4532890000,^IXIC
2023-05-19,12709.46,12731.73,12624.06,12657.90,3935780000,^IXIC
2023-05-22,12664.44,12756.23,12655.26,12720.78,4278920000,^IXIC
2023-05-23,12652.88,12709.74,12554.43,12560.25,4347440000,^IXIC
2023-05-24,12481.89,12529.63,12415.85,12484.16,4088270000,^IXIC
2023-05-25,12706.44,12736.92,12604.89,12698.09,4651640000,^IXIC
2023-05-26,12736.42,13001.91,12729.74,12975.69,4434070000,^IXIC
2023-05-30,13109.10,13154.29,12968.12,13017.43,4843470000,^IXIC
2023-05-31,12968.38,13029.08,12889.37,12935.29,5905760000,^IXIC
2023-06-01,12944.46,13141.83,12903.63,13100.98,4610310000,^IXIC
2023-06-02,13190.48,13256.21,13125.86,13240.77,4426760000,^IXIC
2023-06-05,13238.48,13330.65,13194.95,13229.43,4344280000,^IXIC
2023-06-06,13199.59,13306.21,13165.65,13276.42,4810910000,^IXIC
2023-06-07,13295.26,13361.90,13089.48,13104.90,5270600000,^IXIC
2023-06-08,13113.27,13248.60,13101.18,13238.52,4280160000,^IXIC
2023-06-09,13312.39,13385.95,13229.33,13259.14,4412710000,^IXIC
2023-06-12,13326.37,13465.91,13302.58,13461.92,4722680000,^IXIC
2023-06-13,13566.53,13594.40,13473.19,13573.32,5522100000,^IXIC
2023-06-14,13570.56,13661.74,13455.99,13626.48,5772550000,^IXIC
2023-06-15,13572.88,13828.17,13561.37,13782.82,5667520000,^IXIC
2023-06-16,13859.07,13864.06,13680.95,13689.57,8076530000,^IXIC
2023-06-20,13642.29,13711.18,13561.84,13667.29,5237710000,^IXIC
2023-06-21,13620.87,13638.57,13460.94,13502.20,5194640000,^IXIC
2023-06-22,13443.41,13631.85,13441.56,13630.61,4499550000,^IXIC
2023-06-23,13484.10,13572.19,13442.65,13492.52,7734500000,^IXIC
2023-06-26,13468.74,13573.57,13334.42,13335.78,4430600000,^IXIC
2023-06-27,13389.25,13578.80,13366.97,13555.67,5053660000,^IXIC
2023-06-28,13506.02,13654.14,13495.73,13591.75,4533270000,^IXIC
2023-06-29,13592.36,13618.53,13540.26,13591.33,4388140000,^IXIC
2023-06-30,13719.98,13816.68,13716.16,13787.92,4661120000,^IXIC
2023-07-03,13798.70,13839.09,13773.41,13816.77,2902300000,^IXIC
2023-07-05,13772.10,13844.50,13764.25,13791.65,5339340000,^IXIC
2023-07-06,13653.17,13689.52,13567.25,13679.04,6113080000,^IXIC
2023-07-07,13668.07,13804.51,13656.73,13660.72,5098120000,^IXIC
2023-07-10,13645.37,13692.41,13584.87,13685.48,5275390000,^IXIC
2023-07-11,13709.81,13774.83,13643.32,13760.70,4840950000,^IXIC
2023-07-12,13915.64,13963.45,13842.13,13918.96,5230620000,^IXIC
2023-07-13,14021.15,14163.80,14012.24,14138.57,5183560000,^IXIC
2023-07-14,14166.66,14232.11,14081.96,14113.70,5366890000,^IXIC
2023-07-17,14149.92,14274.41,14138.01,14244.95,4593160000,^IXIC
2023-07-18,14212.25,14396.69,14176.11,14353.64,4824070000,^IXIC
2023-07-19,14398.53,14446.55,14317.09,14358.02,5112420000,^IXIC
2023-07-20,14273.29,14309.92,14030.62,14063.31,5128020000,^IXIC
2023-07-21,14148.18,14179.01,14020.45,14032.81,5254180000,^IXIC
2023-07-24,14081.63,14110.15,13997.13,14058.87,4083070000,^IXIC
2023-07-25,14093.24,14201.91,14092.52,14144.56,3812470000,^IXIC
2023-07-26,14123.52,14187.35,14041.95,14127.28,4322000000,^IXIC
2023-07-27,14319.16,14360.20,14006.93,14050.11,5115840000,^IXIC
2023-07-28,14199.83,14344.35,14188.10,14316.66,4453520000,^IXIC
2023-07-31,14337.90,14370.91,14292.75,14346.02,4934440000,^IXIC
2023-08-01,14274.93,14309.21,14215.64,14283.91,4633770000,^IXIC
2023-08-02,14132.73,14133.85,13914.81,13973.45,5481960000,^IXIC
2023-08-03,13899.76,14032.28,13881.35,13959.72,6036970000,^IXIC
2023-08-04,14025.96,14119.22,13897.93,13909.24,5349450000,^IXIC
2023-08-07,13972.45,13997.15,13864.92,13994.40,4892330000,^IXIC
2023-08-08,13875.45,13899.74,13769.34,13884.32,5284550000,^IXIC
2023-08-09,13897.61,13898.54,13698.39,13722.02,5591360000,^IXIC
2023-08-10,13818.25,13947.16,13686.51,13737.99,5299080000,^IXIC
2023-08-11,13633.65,13720.33,13609.98,13644.85,4638880000,^IXIC
2023-08-14,13599.00,13789.16,13582.49,13788.33,4272020000,^IXIC
2023-08-15,13760.48,13774.98,13611.94,13631.05,4473320000,^IXIC
2023-08-16,13593.17,13644.32,13473.03,13474.63,6243760000,^IXIC
2023-08-17,13527.30,13535.09,13303.45,13316.93,5280180000,^IXIC
2023-08-18,13190.02,13335.87,13161.76,13290.78,4801910000,^IXIC
2023-08-21,13347.26,13516.86,13325.59,13497.59,4363070000,^IXIC
2023-08-22,13593.95,13598.77,13484.38,13505.87,4282430000,^IXIC
2023-08-23,13532.43,13757.00,13532.43,13721.03,4127850000,^IXIC
2023-08-24,13834.31,13834.69,13462.84,13463.97,4383820000,^IXIC
2023-08-25,13514.37,13633.42,13376.35,13590.65,3970060000,^IXIC
2023-08-28,13695.36,13735.98,13626.64,13705.13,3666680000,^IXIC
2023-08-29,13687.23,13959.81,13677.06,13943.76,4748180000,^IXIC
2023-08-30,13961.77,14050.82,13924.20,14019.31,4364600000,^IXIC
2023-08-31,14041.54,14114.67,14010.48,14034.97,4568610000,^IXIC
2023-09-01,14129.96,14149.62,13982.42,14031.81,4033960000,^IXIC
2023-09-05,13994.54,14060.85,13945.65,14020.95,4379790000,^IXIC
2023-09-06,13988.81,14001.95,13802.42,13872.47,4215320000,^IXIC
2023-09-07,13675.11,13774.63,13642.47,13748.83,4320830000,^IXIC
2023-09-08,13754.71,13843.37,13733.18,13761.53,4160360000,^IXIC
2023-09-11,13884.03,13937.47,13805.13,13917.89,4538870000,^IXIC
2023-09-12,13858.94,13913.60,13763.69,13773.61,4595490000,^IXIC
2023-09-13,13773.67,13868.57,13733.82,13813.59,4840310000,^IXIC
2023-09-14,13889.76,13957.57,13810.66,13926.05,4649010000,^IXIC
2023-09-15,13889.20,13895.75,13684.24,13708.33,8162210000,^IXIC
2023-09-18,13669.96,13751.28,13663.46,13710.24,4855880000,^IXIC
2023-09-19,13649.44,13705.15,13578.87,13678.19,4453460000,^IXIC
2023-09-20,13710.26,13727.81,13467.28,13469.13,4782440000,^IXIC
2023-09-21,13328.06,13362.23,13222.56,13223.98,5014890000,^IXIC
2023-09-22,13287.17,13353.22,13200.64,13211.81,4302700000,^IXIC
2023-09-25,13172.54,13277.83,13132.00,13271.32,4100290000,^IXIC
2023-09-26,13180.96,13199.13,13033.40,13063.61,4693540000,^IXIC
2023-09-27,13115.36,13156.37,12963.16,13092.85,4841410000,^IXIC
2023-09-28,13043.37,13270.97,13025.11,13201.28,4648390000,^IXIC
2023-09-29,13337.71,13382.98,13177.09,13219.32,5138500000,^IXIC
2023-10-02,13217.98,13364.03,13204.08,13307.77,4554700000,^IXIC
2023-10-03,13229.68,13280.04,13008.60,13059.47,4684310000,^IXIC
2023-10-04,13092.92,13258.76,13072.51,13236.01,4308070000,^IXIC
2023-10-05,13228.12,13251.18,13087.57,13219.83,4167470000,^IXIC
2023-10-06,13127.68,13472.27,13099.03,13431.34,4309420000,^IXIC
2023-10-09,13326.22,13509.30,13277.48,13484.24,3835930000,^IXIC
2023-10-10,13505.81,13659.63,13491.81,13562.84,4301350000,^IXIC
2023-10-11,13619.21,13671.11,13549.29,13659.68,4160440000,^IXIC
2023-10-12,13672.47,13714.14,13491.56,13574.22,4858620000,^IXIC
2023-10-13,13613.59,13619.54,13361.85,13407.23,4251550000,^IXIC
2023-10-16,13453.81,13598.05,13447.17,13567.98,4308690000,^IXIC
2023-10-17,13419.87,13602.25,13364.74,13533.75,4417640000,^IXIC
2023-10-18,13439.68,13499.74,13275.30,13314.30,4617140000,^IXIC
2023-10-19,13354.80,13404.73,13157.33,13186.18,5014790000,^IXIC
2023-10-20,13157.77,13177.35,12977.43,12983.81,4622840000,^IXIC
2023-10-23,12930.85,13143.22,12848.83,13018.33,4669060000,^IXIC
2023-10-24,13084.99,13170.39,13022.85,13139.87,4604720000,^IXIC
2023-10-25,13039.86,13042.52,12804.30,12821.22,4599850000,^IXIC
2023-10-26,12768.97,12818.14,12543.86,12595.61,4894900000,^IXIC
2023-10-27,12718.69,12772.43,12600.57,12643.01,4172100000,^IXIC
2023-10-30,12750.47,12842.96,12691.56,12789.48,4149320000,^IXIC
2023-10-31,12786.62,12859.40,12697.04,12851.24,4315630000,^IXIC
2023-11-01,12887.06,13072.42,12875.20,13061.47,4545120000,^IXIC
2023-11-02,13230.49,13302.18,13177.64,13294.19,4962950000,^IXIC
2023-11-03,13362.85,13520.28,13344.73,13478.28,4918750000,^IXIC
2023-11-06,13514.08,13551.62,13435.99,13518.78,4345850000,^IXIC
2023-11-07,13555.79,13675.46,13516.56,13639.86,4354460000,^IXIC
2023-11-08,13660.22,13684.87,13573.58,13650.41,4685550000,^IXIC
2023-11-09,13693.70,13697.82,13506.02,13521.45,5313970000,^IXIC
2023-11-10,13571.19,13802.53,13556.35,13798.11,4722140000,^IXIC
2023-11-13,13745.96,13805.11,13687.78,13767.74,4349590000,^IXIC
2023-11-14,14015.37,14124.06,14003.14,14094.38,5332490000,^IXIC
2023-11-15,14147.27,14194.36,14060.70,14103.84,5063830000,^IXIC
2023-11-16,14066.88,14130.45,14033.79,14113.67,4545180000,^IXIC
2023-11-17,14101.44,14154.32,14063.93,14125.48,4408640000,^IXIC
2023-11-20,14134.75,14309.80,14134.20,14284.53,4561810000,^IXIC
2023-11-21,14217.23,14237.50,14146.31,14199.98,4128600000,^IXIC
2023-11-22,14283.82,14359.61,14226.63,14265.86,3855240000,^IXIC
2023-11-24,14238.04,14270.28,14214.13,14250.85,2541840000,^IXIC
2023-11-27,14239.31,14305.71,14205.24,14241.02,4205880000,^IXIC
2023-11-28,14224.63,14303.66,14195.72,14281.76,4474400000,^IXIC
2023-11-29,14367.11,14423.22,14247.89,14258.49,4890220000,^IXIC
2023-11-30,14265.05,14289.20,14127.05,14226.22,5678070000,^IXIC
2023-12-01,14181.35,14311.95,14135.00,14305.03,5607000000,^IXIC
2023-12-04,14168.66,14197.52,14058.52,14185.49,6270020000,^IXIC
2023-12-05,14126.40,14285.66,14121.76,14229.91,6179120000,^IXIC
2023-12-06,14325.62,14327.63,14138.51,14146.71,5167030000,^IXIC
2023-12-07,14230.43,14353.11,14220.87,14339.99,5694310000,^IXIC
2023-12-08,14279.46,14416.92,14264.96,14403.97,5430840000,^IXIC
2023-12-11,14340.13,14436.08,14324.57,14432.49,5607820000,^IXIC
2023-12-12,14423.01,14533.40,14385.39,14533.40,4950100000,^IXIC
2023-12-13,14555.68,14743.55,14517.52,14733.96,6732040000,^IXIC
2023-12-14,14798.72,14855.62,14642.23,14761.56,8033170000,^IXIC
2023-12-15,14797.46,14848.40,14753.16,14813.92,8377630000,^IXIC
2023-12-18,14814.02,14938.04,14811.82,14904.81,5866080000,^IXIC
2023-12-19,14923.02,15003.80,14921.60,15003.22,5757180000,^IXIC
2023-12-20,14973.36,15069.29,14776.29,14777.94,6294700000,^IXIC
2023-12-21,14923.14,14970.81,14837.47,14963.87,5465640000,^IXIC
2023-12-22,15006.18,15047.19,14927.12,14992.97,4796600000,^IXIC
2023-12-26,15028.69,15101.18,15024.06,15074.57,6120600000,^IXIC
2023-12-27,15089.66,15114.08,15051.67,15099.18,7480170000,^IXIC
2023-12-28,15142.09,15150.07,15087.22,15095.14,5090570000,^IXIC
2023-12-29,15099.20,15111.41,14955.37,15011.35,5441060000,^IXIC
2024-01-02,14873.70,14887.80,14682.38,14765.94,5791170000,^IXIC
2024-01-03,14641.47,14694.58,14577.44,14592.21,5449950000,^IXIC
2024-01-04,14532.23,14632.77,14504.78,14510.30,5289220000,^IXIC
2024-01-05,14500.11,14625.19,14477.57,14524.07,5232820000,^IXIC
2024-01-08,14564.47,14846.90,14560.20,14843.77,6337770000,^IXIC
2024-01-09,14744.13,14894.32,14716.71,14857.71,5068410000,^IXIC
2024-01-10,14877.70,14998.20,14842.70,14969.65,4404590000,^IXIC
2024-01-11,15020.95,15063.61,14800.38,14970.19,5044690000,^IXIC
2024-01-12,15001.01,15047.25,14931.88,14972.76,4958940000,^IXIC
2024-01-16,14908.26,15004.35,14863.81,14944.35,6386180000,^IXIC
2024-01-17,14814.77,14865.76,14706.23,14855.62,5181740000,^IXIC
2024-01-18,14994.52,15066.81,14911.11,15055.65,5587440000,^IXIC
2024-01-19,15122.38,15310.97,15087.20,15310.97,5604950000,^IXIC
2024-01-22,15393.05,15438.85,15333.63,15360.29,5456240000,^IXIC
2024-01-23,15391.41,15432.35,15337.23,15425.94,5207680000,^IXIC
2024-01-24,15560.61,15629.07,15468.91,15481.92,4983210000,^IXIC
2024-01-25,15555.62,15597.25,15430.68,15510.50,5281570000,^IXIC
2024-01-26,15474.85,15538.84,15433.04,15455.36,4510530000,^IXIC
2024-01-29,15470.66,15630.58,15449.87,15628.04,4979310000,^IXIC
2024-01-30,15604.08,15619.23,15484.67,15509.90,4719240000,^IXIC
2024-01-31,15324.19,15405.56,15158.49,15164.01,5875610000,^IXIC
2024-02-01,15254.02,15372.13,15208.88,15361.64,5046920000,^IXIC
2024-02-02,15403.16,15664.21,15366.78,15628.95,4800690000,^IXIC
2024-02-05,15613.99,15637.88,15471.68,15597.68,4831020000,^IXIC
2024-02-06,15638.19,15652.75,15515.25,15609.00,4759640000,^IXIC
2024-02-07,15690.35,15770.68,15645.81,15756.64,4567580000,^IXIC
2024-02-08,15762.23,15813.27,15739.18,15793.71,5675850000,^IXIC
2024-02-09,15842.38,16007.29,15831.76,15990.66,5797260000,^IXIC
2024-02-12,15980.62,16080.07,15917.87,15942.55,5458490000,^IXIC
2024-02-13,15598.88,15770.42,15551.44,15655.60,5599860000,^IXIC
2024-02-14,15781.71,15865.51,15683.94,15859.15,5092660000,^IXIC
2024-02-15,15865.30,15911.22,15779.72,15906.17,6049100000,^IXIC
2024-02-16,15910.43,15917.41,15752.02,15775.65,5223800000,^IXIC
2024-02-20,15679.84,15730.47,15508.50,15630.78,5595700000,^IXIC
2024-02-21,15532.12,15583.68,15451.65,15580.87,4845740000,^IXIC
2024-02-22,15904.48,16061.82,15869.24,16041.62,5653930000,^IXIC
2024-02-23,16094.80,16134.22,15954.50,15996.82,5077910000,^IXIC
2024-02-26,16014.45,16054.90,15973.90,15976.25,5417630000,^IXIC
2024-02-27,16013.98,16046.10,15940.51,16035.30,5423020000,^IXIC
2024-02-28,15969.14,16003.56,15924.72,15947.74,5581690000,^IXIC
2024-02-29,16059.34,16115.96,15931.70,16091.92,6265340000,^IXIC
2024-03-01,16109.83,16302.24,16096.60,16274.94,5457910000,^IXIC
2024-03-04,16264.21,16289.06,16199.06,16207.51,5725470000,^IXIC
2024-03-05,16077.74,16087.57,15862.63,15939.59,6356800000,^IXIC
2024-03-06,16092.00,16128.56,15956.66,16031.54,5511370000,^IXIC
2024-03-07,16147.32,16309.02,16096.01,16273.38,5072790000,^IXIC
2024-03-08,16322.10,16449.70,16059.50,16085.11,5411790000,^IXIC
2024-03-11,16052.63,16085.95,15978.04,16019.27,4917620000,^IXIC
2024-03-12,16116.98,16275.45,15992.98,16265.64,5100330000,^IXIC
2024-03-13,16220.11,16233.30,16143.34,16177.77,4839000000,^IXIC
2024-03-14,16209.19,16245.32,16039.68,16128.53,5450980000,^IXIC
2024-03-15,16043.58,16055.33,15925.91,15973.17,8261950000,^IXIC
2024-03-18,16154.92,16247.59,16094.17,16103.45,5025040000,^IXIC
2024-03-19,16031.93,16175.59,15951.86,16166.79,4758740000,^IXIC
2024-03-20,16185.76,16377.44,16127.48,16369.41,5298380000,^IXIC
2024-03-21,16517.24,16538.86,16393.90,16401.84,5134740000,^IXIC
2024-03-22,16387.83,16467.62,16361.00,16428.82,4339930000,^IXIC
2024-03-25,16335.30,16441.17,16315.72,16384.47,4636940000,^IXIC
2024-03-26,16446.85,16476.38,16312.95,16315.70,5144260000,^IXIC
2024-03-27,16424.76,16431.82,16279.17,16399.52,4768930000,^IXIC
2024-03-28,16377.23,16420.92,16347.38,16379.46,5174450000,^IXIC
2024-04-01,16397.05,16490.65,16327.89,16396.83,4798390000,^IXIC
2024-04-02,16199.24,16251.41,16137.24,16240.45,4710280000,^IXIC
2024-04-03,16178.80,16340.74,16169.31,16277.46,5151500000,^IXIC
2024-04-04,16418.57,16468.04,16046.56,16049.08,5368700000,^IXIC
2024-04-05,16095.40,16326.50,16080.48,16248.52,4578130000,^IXIC
2024-04-08,16285.18,16323.60,16220.72,16253.96,4386700000,^IXIC
2024-04-09,16328.76,16348.18,16141.15,16306.64,4869190000,^IXIC
2024-04-10,16104.01,16200.10,16092.02,16170.36,5308250000,^IXIC
2024-04-11,16236.20,16464.60,16154.65,16442.20,4714750000,^IXIC
2024-04-12,16293.03,16341.46,16125.33,16175.09,4552740000,^IXIC
2024-04-15,16276.47,16295.27,15863.88,15885.02,4910550000,^IXIC
2024-04-16,15856.38,15965.79,15822.02,15865.25,5001860000,^IXIC
2024-04-17,15942.29,15957.03,15654.51,15683.37,4991470000,^IXIC
2024-04-18,15705.69,15786.12,15587.50,15601.50,4932540000,^IXIC
2024-04-19,15547.10,15576.70,15222.78,15282.01,5316010000,^IXIC
2024-04-22,15396.13,15539.00,15265.66,15451.31,4616730000,^IXIC
2024-04-23,15525.55,15730.35,15510.59,15696.64,4951670000,^IXIC
2024-04-24,15805.60,15839.00,15634.44,15712.75,4735870000,^IXIC
2024-04-25,15375.26,15644.51,15343.91,15611.76,4743640000,^IXIC
2024-04-26,15821.34,15981.00,15770.72,15927.90,4694400000,^IXIC
2024-04-29,16007.00,16021.49,15885.89,15983.08,4972520000,^IXIC
2024-04-30,15920.89,15979.36,15655.67,15657.82,5229400000,^IXIC
2024-05-01,15646.09,15926.22,15557.64,15605.48,5277790000,^IXIC
2024-05-02,15758.11,15862.79,15604.73,15840.96,4901610000,^IXIC
2024-05-03,16147.48,16204.71,16068.34,16156.33,4887310000,^IXIC
2024-05-06,16208.54,16350.08,16197.86,16349.25,4460130000,^IXIC
2024-05-07,16358.34,16397.39,16303.84,16332.56,5041870000,^IXIC
2024-05-08,16226.07,16341.65,16226.07,16302.76,4530190000,^IXIC
2024-05-09,16323.74,16362.79,16241.98,16346.26,4505120000,^IXIC
2024-05-10,16389.02,16437.39,16293.52,16340.87,4402110000,^IXIC
2024-05-13,16400.31,16407.05,16334.86,16388.24,4452750000,^IXIC
2024-05-14,16391.16,16526.27,16386.43,16511.18,7270240000,^IXIC
2024-05-15,16601.14,16749.74,16544.09,16742.39,8538990000,^IXIC
2024-05-16,16738.11,16797.83,16693.45,16698.32,11932600000,^IXIC
2024-05-17,16708.49,16726.41,16613.84,16685.97,9587280000,^IXIC
2024-05-20,16702.02,16823.83,16695.69,16794.87,6861320000,^IXIC
2024-05-21,16736.10,16839.02,16719.97,16832.62,6245090000,^IXIC
2024-05-22,16839.02,16855.27,16712.09,16801.54,7277340000,^IXIC
2024-05-23,16996.39,16996.39,16678.37,16736.03,7752800000,^IXIC
2024-05-24,16786.79,16947.80,16771.58,16920.79,5836040000,^IXIC
2024-05-28,16988.31,17032.66,16917.51,17019.88,6293380000,^IXIC
2024-05-29,16879.35,16989.60,16873.97,16920.58,6652480000,^IXIC
2024-05-30,16878.63,16900.46,16690.36,16737.08,6659290000,^IXIC
2024-05-31,16771.90,16789.27,16445.54,16735.02,6674090000,^IXIC
2024-06-03,16865.70,16909.89,16646.43,16828.67,5422040000,^IXIC
2024-06-04,16823.88,16891.87,16750.39,16857.05,4917350000,^IXIC
2024-06-05,16974.48,17187.92,16955.56,17187.90,5325000000,^IXIC
2024-06-06,17204.87,17235.73,17123.59,17173.12,4960580000,^IXIC
2024-06-07,17124.14,17229.31,17090.04,17133.13,4755650000,^IXIC
2024-06-10,17083.45,17213.45,17057.34,17192.53,5207110000,^IXIC
2024-06-11,17160.42,17345.05,17107.99,17343.55,5009220000,^IXIC
2024-06-12,17502.15,17725.39,17490.64,17608.44,5560630000,^IXIC
2024-06-13,17715.27,17741.80,17566.32,17667.56,4916020000,^IXIC
2024-06-14,17621.18,17693.43,17590.80,17688.88,4973820000,^IXIC
2024-06-17,17697.30,17935.99,17636.36,17857.02,6061200000,^IXIC
2024-06-18,17856.76,17890.52,17796.88,17862.23,5796180000,^IXIC
2024-06-20,17913.94,17936.79,17650.69,17721.59,6289300000,^IXIC
2024-06-21,17681.01,17787.34,17620.57,17689.36,8589160000,^IXIC
2024-06-24,17640.26,17730.12,17494.02,17496.82,5503210000,^IXIC
2024-06-25,17572.16,17734.34,17546.63,17717.65,4848280000,^IXIC
2024-06-26,17697.27,17813.55,17687.07,17805.16,5294310000,^IXIC
2024-06-27,17793.95,17892.78,17765.42,17858.68,5382060000,^IXIC
2024-06-28,17891.10,18035.00,17723.83,17732.60,8960940000,^IXIC
2024-07-01,17773.90,17894.28,17657.64,17879.30,5189990000,^IXIC
2024-07-02,17808.04,18031.29,17802.24,18028.76,4526550000,^IXIC
2024-07-03,18016.12,18188.30,18016.12,18188.30,3713960000,^IXIC
2024-07-05,18200.60,18366.31,18197.14,18352.76,4851000000,^IXIC
2024-07-08,18371.86,18416.94,18342.60,18403.74,5286260000,^IXIC
2024-07-09,18465.02,18511.89,18381.60,18429.29,4839140000,^IXIC
2024-07-10,18512.09,18655.19,18467.58,18647.45,5228240000,^IXIC
2024-07-11,18659.25,18671.07,18238.78,18283.41,6366620000,^IXIC
2024-07-12,18303.64,18556.73,18293.60,18398.45,5845930000,^IXIC
2024-07-15,18485.91,18641.53,18397.83,18472.57,5450350000,^IXIC
2024-07-16,18534.27,18576.83,18386.07,18509.34,5812930000,^IXIC
2024-07-17,18188.19,18223.24,17972.87,17996.92,6007280000,^IXIC
2024-07-18,18119.15,18130.87,17759.54,17871.22,5977260000,^IXIC
2024-07-19,17835.59,17935.14,17691.43,17726.94,4992930000,^IXIC
2024-07-22,17923.65,18040.99,17839.76,18007.57,5093620000,^IXIC
2024-07-23,17982.74,18128.38,17968.10,17997.35,4938000000,^IXIC
2024-07-24,17733.91,17747.06,17313.52,17342.41,6735560000,^IXIC
2024-07-25,17352.64,17544.46,17033.96,17181.72,6114350000,^IXIC
2024-07-26,17331.95,17454.57,17239.99,17357.88,5281560000,^IXIC
2024-07-29,17444.39,17535.32,17299.83,17370.20,4897230000,^IXIC
2024-07-30,17424.10,17468.56,17015.38,17147.42,5564310000,^IXIC
2024-07-31,17499.23,17693.98,17438.60,17599.40,6292560000,^IXIC
2024-08-01,17647.03,17791.58,17051.42,17194.15,6664550000,^IXIC
2024-08-02,16780.45,16920.63,16582.79,16776.16,6313870000,^IXIC
2024-08-05,15712.53,16453.46,15708.54,16200.08,6852190000,^IXIC
2024-08-06,16261.36,16620.31,16137.65,16366.85,5908930000,^IXIC
2024-08-07,16622.31,16709.81,16179.53,16195.81,5913620000,^IXIC
2024-08-08,16408.27,16694.25,16262.93,16660.02,5815880000,^IXIC
2024-08-09,16636.52,16789.22,16574.57,16745.30,5783410000,^IXIC
2024-08-12,16793.64,16895.79,16699.39,16780.61,4890850000,^IXIC
2024-08-13,16944.74,17192.79,16943.95,17187.61,5469160000,^IXIC
2024-08-14,17227.64,17260.73,17032.17,17192.60,4985480000,^IXIC
2024-08-15,17394.54,17602.72,17375.41,17594.50,5478170000,^IXIC
2024-08-16,17516.40,17674.65,17502.83,17631.72,5138150000,^IXIC
2024-08-19,17649.74,17877.44,17585.58,17876.77,5564300000,^IXIC
2024-08-20,17849.09,17932.53,17758.20,17816.94,5305260000,^IXIC
2024-08-21,17840.51,17963.07,17790.98,17918.99,4765150000,^IXIC
2024-08-22,17993.72,18017.69,17589.15,17619.35,5065360000,^IXIC
2024-08-23,17772.73,17941.27,17700.27,17877.79,5380810000,^IXIC
2024-08-26,17867.85,17909.09,17645.69,17725.77,5110940000,^IXIC
2024-08-27,17655.52,17789.72,17573.37,17754.82,4362380000,^IXIC
2024-08-28,17738.80,17759.94,17439.40,17556.03,5211920000,^IXIC
2024-08-29,17610.57,17789.21,17482.60,17516.43,5727780000,^IXIC
2024-08-30,17650.49,17720.38,17498.79,17713.62,5531150000,^IXIC
2024-09-03,17585.45,17585.45,17057.79,17136.30,5813970000,^IXIC
2024-09-04,17015.71,17232.65,16984.67,17084.30,5011820000,^IXIC
2024-09-05,17063.24,17295.58,17035.07,17127.66,4983030000,^IXIC
2024-09-06,17137.62,17166.54,16668.57,16690.83,5549030000,^IXIC
2024-09-09,16835.67,16923.28,16732.84,16884.60,5132150000,^IXIC
2024-09-10,16949.64,17036.07,16801.13,17025.88,4963740000,^IXIC
2024-09-11,17061.41,17420.23,16787.84,17395.53,6086930000,^IXIC
2024-09-12,17413.89,17605.72,17338.32,17569.68,4983120000,^IXIC
2024-09-13,17575.26,17719.14,17564.61,17683.98,4802880000,^IXIC
2024-09-16,17573.70,17618.40,17480.66,17592.13,4675530000,^IXIC
2024-09-17,17707.02,17781.74,17544.64,17628.06,4959520000,^IXIC
2024-09-18,17663.38,17832.70,17556.43,17573.30,5611630000,^IXIC
2024-09-19,17980.89,18099.93,17909.75,18013.98,5574650000,^IXIC
2024-09-20,17999.35,18024.34,17835.64,17948.32,9914480000,^IXIC
2024-09-23,17994.91,18021.58,17936.37,17974.27,5237310000,^IXIC
2024-09-24,18046.44,18091.96,17863.38,18074.52,5347580000,^IXIC
2024-09-25,18050.36,18155.04,18040.62,18082.21,4858060000,^IXIC
2024-09-26,18327.34,18327.34,18071.74,18190.29,5669210000,^IXIC
2024-09-27,18228.78,18238.28,18069.18,18119.59,5367890000,^IXIC
2024-09-30,18069.83,18198.16,17997.56,18189.17,5846150000,^IXIC
2024-10-01,18154.94,18162.72,17779.77,17910.36,5879980000,^IXIC
2024-10-02,17867.12,17978.58,17767.79,17925.12,5489040000,^IXIC
2024-10-03,17859.49,18011.25,17826.42,17918.48,5208990000,^IXIC
2024-10-04,18130.42,18145.28,17952.30,18137.85,5136070000,^IXIC
2024-10-07,18080.12,18096.33,17900.04,17923.90,5240320000,^IXIC
2024-10-08,18017.93,18203.04,17989.70,18182.92,5566510000,^IXIC
2024-10-09,18179.22,18302.05,18133.02,18291.62,5228670000,^IXIC
2024-10-10,18200.62,18333.39,18154.18,18282.05,5855390000,^IXIC
2024-10-11,18217.73,18375.53,18208.44,18342.94,5140440000,^IXIC
2024-10-14,18426.66,18547.92,18423.60,18502.69,4894710000,^IXIC
2024-10-15,18515.97,18564.25,18252.52,18315.59,6522700000,^IXIC
2024-10-16,18333.29,18383.11,18214.96,18367.08,5257570000,^IXIC
2024-10-17,18537.21,18541.46,18368.79,18373.61,5806860000,^IXIC
2024-10-18,18466.01,18524.33,18452.58,18489.55,5090190000,^IXIC
2024-10-21,18456.48,18543.58,18377.63,18540.01,6092180000,^IXIC
2024-10-22,18451.86,18620.71,18413.47,18579.77,6407180000,^IXIC
2024-10-23,18502.06,18509.19,18146.61,18276.65,6245610000,^IXIC
2024-10-24,18384.16,18435.37,18305.42,18415.49,5761280000,^IXIC
2024-10-25,18512.58,18690.01,18487.06,18518.61,6100040000,^IXIC
2024-10-28,18648.25,18671.01,18563.02,18567.19,5641660000,^IXIC
2024-10-29,18576.09,18753.19,18509.59,18712.75,6881170000,^IXIC
2024-10-30,18731.69,18785.50,18598.24,18607.93,6514690000,^IXIC
2024-10-31,18427.31,18427.31,18083.95,18095.15,6411940000,^IXIC
2024-11-01,18189.67,18363.94,18181.53,18239.92,5896470000,^IXIC
2024-11-04,18220.43,18308.30,18112.83,18179.98,5762320000,^IXIC
2024-11-05,18250.71,18449.68,18250.71,18439.17,7060340000,^IXIC
2024-11-06,18772.76,19000.50,18730.21,18983.47,8138050000,^IXIC
2024-11-07,19084.43,19301.70,19084.43,19269.46,9232670000,^IXIC
2024-11-08,19255.14,19318.56,19224.43,19286.78,7316010000,^IXIC
2024-11-11,19355.34,19366.07,19193.29,19298.76,8087930000,^IXIC
2024-11-12,19289.81,19343.05,19168.52,19281.40,7816410000,^IXIC
2024-11-13,19286.46,19358.48,19191.13,19230.72,9623670000,^IXIC
2024-11-14,19256.09,19275.80,19073.39,19107.65,8680480000,^IXIC
2024-11-15,18929.92,18936.75,18598.87,18680.12,8002270000,^IXIC
2024-11-18,18717.93,18865.28,18672.30,18791.81,8455360000,^IXIC
2024-11-19,18699.71,18992.08,18689.83,18987.47,7246610000,^IXIC
2024-11-20,18971.31,18974.91,18724.39,18966.14,7121670000,^IXIC
2024-11-21,19072.78,19110.89,18714.06,18972.42,7492540000,^IXIC
2024-11-22,18966.32,19025.77,18899.48,19003.65,6575820000,^IXIC
2024-11-25,19140.59,19208.68,18969.35,19054.84,7932980000,^IXIC
2024-11-26,19109.08,19184.40,19100.73,19174.30,6411770000,^IXIC
2024-11-27,19132.99,19133.11,18937.20,19060.48,5619090000,^IXIC
2024-11-29,19087.47,19245.49,19066.52,19218.17,4042550000,^IXIC
2024-12-02,19255.43,19436.92,19255.43,19403.95,6370530000,^IXIC
2024-12-03,19364.34,19486.15,19340.41,19480.91,6005160000,^IXIC
2024-12-04,19587.48,19741.76,19575.40,19735.12,7870030000,^IXIC
2024-12-05,19756.40,19790.03,19688.59,19700.26,7229510000,^IXIC
2024-12-06,19743.96,19863.15,19734.42,19859.77,6787610000,^IXIC
2024-12-09,19824.09,19872.79,19698.05,19736.69,7884620000,^IXIC
2024-12-10,19796.39,19887.08,19641.34,19687.24,6843850000,^IXIC
2024-12-11,19832.96,20055.93,19830.64,20034.89,6639720000,^IXIC
2024-12-12,19947.34,20018.24,19897.38,19902.84,7047550000,^IXIC
2024-12-13,19995.18,20061.65,19817.47,19926.72,6028250000,^IXIC
2024-12-16,20016.12,20204.58,19988.12,20173.89,8855040000,^IXIC
2024-12-17,20095.62,20148.83,20004.73,20109.06,9534350000,^IXIC
2024-12-18,20114.98,20179.77,19336.59,19392.69,9996120000,^IXIC
2024-12-19,19565.66,19623.02,19357.76,19372.77,8029590000,^IXIC
2024-12-20,19190.04,19758.61,19168.38,19572.60,10962450000,^IXIC
2024-12-23,19641.05,19772.10,19504.68,19764.88,6820720000,^IXIC
2024-12-24,19818.48,20031.13,19813.76,20031.13,4739190000,^IXIC
2024-12-26,19979.25,20070.08,19888.11,20020.36,6467910000,^IXIC
2024-12-27,19896.77,19904.77,19553.40,19722.03,7765120000,^IXIC
2024-12-30,19460.41,19622.93,19342.51,19486.79,8384090000,^IXIC
2024-12-31,19551.36,19563.72,19283.41,19310.79,8873030000,^IXIC
2025-01-02,19403.90,19517.87,19117.59,19280.79,8737550000,^IXIC
2025-01-03,19395.51,19638.66,19379.57,19621.68,8214050000,^IXIC
2025-01-06,19851.99,20007.95,19785.00,19864.98,9586840000,^IXIC
2025-01-07,19938.08,19940.21,19421.02,19489.68,13371130000,^IXIC
2025-01-08,19469.37,19544.51,19308.54,19478.88,8851720000,^IXIC
2025-01-10,19312.26,19315.11,19018.75,19161.63,8608880000,^IXIC
2025-01-13,18903.66,19099.97,18831.91,19088.10,7830760000,^IXIC
2025-01-14,19207.75,19273.14,18926.60,19044.39,7168110000,^IXIC
2025-01-15,19350.31,19548.90,19299.32,19511.23,7260250000,^IXIC
2025-01-16,19573.87,19579.85,19335.68,19338.29,7085990000,^IXIC
2025-01-17,19655.55,19709.64,19543.32,19630.20,7996360000,^IXIC
2025-01-21,19734.39,19789.63,19551.17,19756.78,8015780000,^IXIC
2025-01-22,19903.05,20068.52,19903.05,20009.34,7219060000,^IXIC
2025-01-23,19906.99,20053.68,19892.55,20053.68,6837700000,^IXIC
2025-01-24,20087.11,20118.61,19897.13,19954.30,7708150000,^IXIC
2025-01-27,19234.04,19514.35,19204.95,19341.83,8870200000,^IXIC
2025-01-28,19418.22,19759.43,19294.62,19733.59,7121740000,^IXIC
2025-01-29,19695.68,19699.82,19479.51,19632.32,6497710000,^IXIC
2025-01-30,19697.53,19785.79,19483.83,19681.75,6679500000,^IXIC
2025-01-31,19832.33,19969.17,19575.21,19627.44,7947370000,^IXIC
2025-02-03,19215.38,19502.13,19141.15,19391.96,8272460000,^IXIC
2025-02-04,19422.17,19666.44,19408.18,19654.02,6477050000,^IXIC
2025-02-05,19533.05,19696.94,19498.90,19692.33,6712220000,^IXIC
2025-02-06,19725.83,19793.36,19654.11,19791.99,6642100000,^IXIC
2025-02-07,19774.87,19862.54,19489.36,19523.40,7748940000,^IXIC
2025-02-10,19668.18,19772.04,19650.79,19714.27,9535440000,^IXIC
2025-02-11,19602.11,19731.93,19579.77,19643.86,9269380000,^IXIC
2025-02-12,19436.51,19682.51,19415.48,19649.95,7946550000,^IXIC
2025-02-13,19696.92,19952.17,19675.87,19945.64,8414510000,^IXIC
2025-02-14,19956.82,20045.76,19932.15,20026.77,7995720000,^IXIC
2025-02-18,20090.55,20110.12,19909.74,20041.26,8683170000,^IXIC
2025-02-19,19994.50,20099.39,19928.89,20056.25,8171530000,^IXIC
2025-02-20,20029.19,20041.15,19795.02,19962.36,7329270000,^IXIC
2025-02-21,20006.69,20016.66,19510.91,19524.01,8461020000,^IXIC
2025-02-24,19590.85,19644.23,19275.46,19286.93,7414760000,^IXIC
2025-02-25,19242.61,19256.35,18871.52,19026.39,7991440000,^IXIC
2025-02-26,19109.32,19286.02,18966.46,19075.26,7034450000,^IXIC
2025-02-27,19212.36,19242.69,18535.22,18544.42,7700290000,^IXIC
2025-02-28,18477.17,18861.33,18372.99,18847.28,8247520000,^IXIC
2025-03-03,18923.36,18992.30,18216.63,18350.19,8170140000,^IXIC
2025-03-04,18176.43,18589.49,17956.60,18285.16,8469180000,^IXIC
2025-03-05,18312.97,18604.47,18144.73,18552.73,7048430000,^IXIC
2025-03-06,18204.53,18439.24,17980.39,18069.26,7686200000,^IXIC
2025-03-07,18029.85,18243.58,17768.59,18196.22,8135420000,^IXIC
2025-03-10,17840.32,17868.08,17291.82,17468.32,8636040000,^IXIC
2025-03-11,17443.09,17687.40,17238.24,17436.10,9177320000,^IXIC
2025-03-12,17711.41,17800.10,17436.27,17648.45,7746430000,^IXIC
2025-03-13,17598.56,17621.91,17239.44,17303.01,7147050000,^IXIC
2025-03-14,17523.30,17773.48,17491.08,17754.09,7093850000,^IXIC
2025-03-17,17722.54,17925.94,17645.87,17808.66,6306340000,^IXIC
2025-03-18,17662.57,17682.92,17431.67,17504.12,6450530000,^IXIC
2025-03-19,17590.12,17917.54,17533.94,17750.79,6302310000,^IXIC
2025-03-20,17586.06,17903.20,17576.82,17691.63,6098330000,^IXIC
2025-03-21,17519.84,17798.06,17474.81,17784.05,8837930000,^IXIC
2025-03-24,18046.19,18210.05,18030.68,18188.59,6787790000,^IXIC
2025-03-25,18207.97,18281.13,18170.42,18271.86,6475790000,^IXIC
2025-03-26,18217.33,18236.55,17837.26,17899.02,9091510000,^IXIC
2025-03-27,17811.24,17988.02,17743.80,17804.03,8002470000,^IXIC
2025-03-28,17722.09,17763.28,17283.06,17322.99,7015410000,^IXIC
2025-03-31,17045.44,17334.98,16854.37,17299.29,8122180000,^IXIC
2025-04-01,17221.55,17506.59,17149.36,17449.89,7756540000,^IXIC
2025-04-02,17207.01,17716.52,17181.27,17601.05,9126630000,^IXIC
2025-04-03,16790.53,16889.34,16533.04,16550.61,9461330000,^IXIC
2025-04-04,16045.60,16128.16,15575.68,15587.79,11038180000,^IXIC
2025-04-07,14978.03,16292.28,14784.03,15603.26,12483580000,^IXIC
2025-04-08,16181.04,16316.51,15053.39,15267.91,10496650000,^IXIC
2025-04-09,15295.44,17202.94,15270.28,17124.97,13479740000,^IXIC
2025-04-10,16635.45,16712.37,15894.27,16387.31,11861670000,^IXIC
2025-04-11,16358.53,16753.41,16228.04,16724.46,9444890000,^IXIC
2025-04-14,17120.44,17136.56,16661.26,16831.48,9667260000,^IXIC
2025-04-15,16842.39,16979.96,16753.22,16823.17,7483050000,^IXIC
2025-04-16,16499.69,16600.37,16066.46,16307.16,7909190000,^IXIC
2025-04-17,16399.97,16408.51,16181.17,16286.45,7046290000,^IXIC
2025-04-21,16052.76,16066.79,15685.33,15870.90,6678730000,^IXIC
2025-04-22,16079.94,16410.56,16038.73,16300.42,6981900000,^IXIC
2025-04-23,16880.29,17029.86,16642.66,16708.05,8564870000,^IXIC
2025-04-24,16754.76,17174.35,16744.97,17166.04,7607400000,^IXIC
2025-04-25,17182.11,17404.49,17110.72,17382.94,7412930000,^IXIC
2025-04-28,17390.93,17467.35,17128.71,17366.13,10313290000,^IXIC
2025-04-29,17270.76,17500.42,17256.20,17461.32,13001930000,^IXIC
2025-04-30,17099.98,17483.82,16959.53,17446.34,8595330000,^IXIC
2025-05-01,17793.14,17922.83,17688.11,17710.74,8409690000,^IXIC
2025-05-02,17868.76,18048.83,17812.04,17977.73,8180190000,^IXIC
2025-05-05,17817.01,17965.64,17792.08,17844.24,7075320000,^IXIC
2025-05-06,17623.21,17830.35,17592.88,17689.66,6958220000,^IXIC
2025-05-07,17706.83,17820.29,17503.01,17738.16,7977870000,^IXIC
2025-05-08,17920.15,18096.00,17776.00,17928.14,8500390000,^IXIC
2025-05-09,18022.55,18068.90,17853.84,17928.92,8835140000,^IXIC
2025-05-12,18674.56,18710.22,18472.71,18708.34,10717670000,^IXIC
2025-05-13,18761.23,19065.96,18745.50,19010.09,9242230000,^IXIC
2025-05-14,19074.72,19174.55,19023.61,19146.81,11744820000,^IXIC
2025-05-15,19031.24,19207.22,18967.78,19112.32,10546350000,^IXIC
2025-05-16,19151.54,19213.42,19038.48,19211.10,10509820000,^IXIC
2025-05-19,18937.42,19227.22,18937.42,19215.46,13080030000,^IXIC
2025-05-20,19132.06,19186.69,19015.63,19142.71,9047100000,^IXIC
2025-05-21,19002.94,19241.41,18799.20,18872.64,11112460000,^IXIC
2025-05-22,18888.05,19061.11,18840.34,18925.74,8289710000,^IXIC
2025-05-23,18622.38,18841.52,18599.69,18737.21,8730370000,^IXIC
2025-05-27,19014.44,19210.95,18961.69,19199.16,93974540000,^IXIC
2025-05-28,19232.62,19276.83,19084.38,19100.94,8087530000,^IXIC
2025-05-29,19389.39,19389.39,19091.54,19175.87,11016850000,^IXIC
2025-05-30,19131.22,19157.78,18847.74,19113.77,9042260000,^IXIC
2025-06-02,19063.06,19252.71,18985.30,19242.61,7779940000,^IXIC
2025-06-03,19288.66,19459.28,19224.70,19398.96,7990230000,^IXIC
2025-06-04,19434.94,19493.45,19359.09,19460.49,7695660000,^IXIC
2025-06-05,19518.20,19610.51,19226.22,19298.45,8782360000,^IXIC
2025-06-06,19526.99,19593.18,19464.84,19529.95,7291590000,^IXIC
2025-06-09,19573.14,19637.56,19531.10,19591.24,9538700000,^IXIC
2025-06-10,19620.11,19730.38,19539.09,19714.99,11221560000,^IXIC
2025-06-11,19779.36,19800.46,19551.35,19615.88,10214190000,^IXIC
2025-06-12,19578.87,19690.61,19553.56,19662.49,16308730000,^IXIC
2025-06-13,19450.93,19591.87,19367.42,19406.83,9001850000,^IXIC
2025-06-16,19550.75,19733.31,19550.75,19701.21,9619130000,^IXIC
2025-06-17,19627.08,19666.56,19485.44,19521.09,8519930000,^IXIC
2025-06-18,19526.92,19660.77,19489.56,19546.27,7818790000,^IXIC
2025-06-20,19639.41,19696.11,19380.58,19447.41,9969140000,^IXIC
2025-06-23,19427.01,19643.70,19334.98,19630.97,9088000000,^IXIC
2025-06-24,19809.62,19946.72,19795.29,19912.53,8330090000,^IXIC
2025-06-25,20013.95,20052.78,19918.08,19973.55,8256120000,^IXIC
2025-06-26,20062.19,20187.15,19982.48,20167.91,8383380000,^IXIC
2025-06-27,20217.26,20311.51,20095.05,20273.46,10951070000,^IXIC
2025-06-30,20360.15,20418.31,20266.36,20369.73,8220420000,^IXIC
2025-07-01,20290.61,20339.05,20105.41,20202.89,8631710000,^IXIC
2025-07-02,20184.37,20397.22,20181.74,20393.13,8378750000,^IXIC
2025-07-03,20497.66,20624.51,20480.22,20601.10,6177910000,^IXIC
2025-07-07,20490.55,20511.82,20323.02,20412.52,8345710000,^IXIC
2025-07-08,20466.93,20480.89,20377.36,20418.46,8437480000,^IXIC
2025-07-09,20522.09,20645.41,20486.38,20611.34,9978310000,^IXIC
2025-07-10,20636.48,20655.39,20495.14,20630.66,9781380000,^IXIC
2025-07-11,20562.88,20647.97,20509.75,20585.53,8135800000,^IXIC
2025-07-14,20592.56,20672.34,20492.63,20640.33,8010060000,^IXIC
2025-07-15,20822.76,20836.04,20670.58,20677.80,8399060000,^IXIC
2025-07-16,20717.81,20751.05,20507.06,20730.49,9056640000,^IXIC
2025-07-17,20760.32,20911.83,20735.55,20885.65,9994550000,^IXIC
2025-07-18,20959.57,20980.56,20846.12,20895.65,9354580000,^IXIC
2025-07-21,20960.33,21077.37,20957.44,20974.18,12046970000,^IXIC
2025-07-22,20982.21,20985.34,20750.90,20892.69,10583710000,^IXIC
2025-07-23,20966.47,21023.85,20870.67,21020.02,10972770000,^IXIC
2025-07-24,21083.82,21113.10,21001.68,21057.96,12741070000,^IXIC
2025-07-25,21059.94,21159.80,21036.85,21108.32,11028310000,^IXIC
2025-07-28,21176.40,21202.18,21122.12,21178.58,10612580000,^IXIC
2025-07-29,21286.72,21303.96,21081.69,21098.29,10040610000,^IXIC
2025-07-30,21140.40,21230.88,21016.92,21129.67,9311770000,^IXIC
2025-07-31,21457.48,21457.48,21078.67,21122.45,9917220000,^IXIC
2025-08-01,20830.64,20865.63,20560.17,20650.13,9667420000,^IXIC
2025-08-04,20853.91,21055.24,20833.86,21053.58,7355970000,^IXIC
2025-08-05,21092.10,21138.72,20893.29,20916.55,7982940000,^IXIC
2025-08-06,20955.22,21183.88,20937.49,21169.42,8580020000,^IXIC
2025-08-07,21325.01,21408.15,21090.05,21242.70,8979190000,^IXIC
2025-08-08,21316.37,21464.53,21284.97,21450.02,8669200000,^IXIC
2025-08-11,21459.65,21549.73,21346.62,21385.40,9099730000,^IXIC
2025-08-12,21507.44,21689.68,21386.25,21681.90,8382820000,^IXIC
2025-08-13,21764.55,21803.75,21645.14,21713.14,8763080000,^IXIC
2025-08-14,21649.21,21766.29,21627.13,21710.67,9110860000,^IXIC
2025-08-15,21709.34,21716.18,21567.46,21622.98,8158830000,^IXIC
2025-08-18,21616.82,21651.50,21559.33,21629.77,8260970000,^IXIC
2025-08-19,21607.45,21610.24,21277.71,21314.95,8461660000,^IXIC
2025-08-20,21269.67,21269.67,20905.99,21172.86,7810310000,^IXIC
2025-08-21,21112.52,21198.76,21013.53,21100.31,6530580000,^IXIC
2025-08-22,21139.83,21545.43,21092.36,21496.54,9401300000,^IXIC
2025-08-25,21466.47,21572.18,21400.09,21449.29,8443200000,^IXIC
2025-08-26,21443.63,21550.93,21389.10,21544.27,9087930000,^IXIC
2025-08-27,21526.33,21616.17,21476.30,21590.14,8040510000,^IXIC
2025-08-28,21619.27,21742.46,21534.94,21705.16,7807080000,^IXIC
2025-08-29,21630.33,21631.15,21397.98,21455.55,7715430000,^IXIC
2025-09-02,21086.57,21293.69,21033.05,21279.63,8183410000,^IXIC
2025-09-03,21461.63,21553.98,21370.98,21497.73,7488290000,^IXIC
2025-09-04,21539.91,21711.96,21469.40,21707.69,7282150000,^IXIC
2025-09-05,21860.44,21878.81,21534.72,21700.39,8413730000,^IXIC
2025-09-08,21806.22,21885.62,21776.24,21798.70,8435850000,^IXIC
2025-09-09,21858.17,21891.42,21731.48,21879.49,7877410000,^IXIC
2025-09-10,21980.60,22000.97,21810.84,21886.06,9090550000,^IXIC
2025-09-11,21977.52,22059.71,21908.81,22043.07,10025020000,^IXIC
2025-09-12,22078.63,22182.34,22031.62,22141.10,9023140000,^IXIC
2025-09-15,22243.20,22352.25,22233.00,22348.75,8904030000,^IXIC
2025-09-16,22397.50,22397.50,22308.78,22333.96,8592240000,^IXIC
2025-09-17,22333.02,22339.54,22058.92,22261.33,9325980000,^IXIC
2025-09-18,22439.11,22540.93,22358.48,22470.72,10478450000,^IXIC
2025-09-19,22554.31,22645.11,22497.71,22631.48,14632360000,^IXIC
2025-09-22,22606.59,22801.90,22590.86,22788.98,9736270000,^IXIC
2025-09-23,22782.72,22785.13,22539.04,22573.47,9822620000,^IXIC
2025-09-24,22656.02,22657.45,22397.00,22497.86,9184030000,^IXIC
2025-09-25,22318.77,22456.78,22185.87,22384.70,9960330000,^IXIC
2025-09-26,22403.27,22488.18,22285.44,22484.07,8488400000,^IXIC
2025-09-29,22605.30,22704.90,22536.05,22591.15,9046720000,^IXIC
2025-09-30,22580.36,22671.39,22493.96,22660.01,8928070000,^IXIC
2025-10-01,22530.95,22782.58,22516.74,22755.16,10043980000,^IXIC
2025-10-02,22885.90,22900.60,22729.75,22844.05,9633200000,^IXIC
2025-10-03,22886.16,22925.43,22695.82,22780.51,10515730000,^IXIC
2025-10-06,22894.35,22991.72,22827.56,22941.67,10468830000,^IXIC
2025-10-07,22972.37,23006.07,22718.76,22788.36,10375920000,^IXIC
2025-10-08,22852.32,23045.14,22845.42,23043.38,10925520000,^IXIC
2025-10-09,23045.33,23062.62,22899.16,23024.63,10713200000,^IXIC
2025-10-10,23043.52,23119.91,22193.07,22204.43,11635030000,^IXIC
2025-10-13,22578.67,22718.75,22499.49,22694.61,9018770000,^IXIC
2025-10-14,22388.04,22691.07,22213.73,22521.70,9776720000,^IXIC
2025-10-15,22738.50,22841.69,22427.79,22670.08,11374850000,^IXIC
2025-10-16,22764.40,22886.87,22404.69,22562.54,11343620000,^IXIC
2025-10-17,22489.81,22736.01,22396.65,22679.97,9552150000,^IXIC
2025-10-20,22844.82,23031.87,22841.00,22990.54,9440620000,^IXIC
2025-10-21,22984.55,23010.35,22894.42,22953.67,10845130000,^IXIC
2025-10-22,22940.79,22978.40,22514.08,22740.40,14361150000,^IXIC
2025-10-23,22751.33,22983.46,22732.18,22941.80,10363600000,^IXIC
2025-10-24,23143.23,23261.26,23127.96,23204.87,10308620000,^IXIC
2025-10-27,23537.32,23658.66,23493.96,23637.46,10757830000,^IXIC
2025-10-28,23766.46,23901.36,23675.19,23827.49,10640830000,^IXIC
2025-10-29,23987.29,24019.99,23763.99,23958.47,10089540000,^IXIC
2025-10-30,23793.08,23846.13,23578.47,23581.14,10564160000,^IXIC
2025-10-31,23941.78,23946.23,23628.82,23724.96,10909250000,^IXIC
2025-11-03,23951.91,23976.84,23764.87,23834.72,10360170000,^IXIC
2025-11-04,23458.21,23644.15,23333.32,23348.64,10227700000,^IXIC
2025-11-05,23358.07,23636.53,23286.87,23499.80,10026890000,^IXIC
2025-11-06,23461.29,23469.55,23011.06,23053.99,11085130000,^IXIC
2025-11-07,22892.92,23009.91,22563.42,23004.54,10141910000,^IXIC
2025-11-10,23354.85,23569.62,23290.05,23527.17,9297320000,^IXIC
2025-11-11,23407.72,23508.44,23315.28,23468.30,7756810000,^IXIC
2025-11-12,23563.84,23564.09,23278.30,23406.46,8449920000,^IXIC
2025-11-13,23262.64,23264.27,22796.07,22870.36,11351410000,^IXIC
2025-11-14,22544.72,23073.18,22436.79,22900.59,10841540000,^IXIC
2025-11-17,22788.32,23044.55,22559.51,22708.07,9744800000,^IXIC
2025-11-18,22565.90,22643.01,22231.15,22432.85,8606260000,^IXIC
2025-11-19,22459.27,22821.24,22385.22,22564.23,8434200000,^IXIC
2025-11-20,23057.00,23147.33,22043.20,22078.05,10548620000,^IXIC
2025-11-21,22162.83,22531.84,21898.29,22273.08,9931240000,^IXIC
2025-11-24,22482.16,22916.40,22478.27,22872.01,9232160000,^IXIC
2025-11-25,22802.85,23070.09,22587.11,23025.59,8498500000,^IXIC
2025-11-26,23163.19,23280.58,23074.39,23214.69,7291400000,^IXIC
2025-11-28,23291.59,23365.79,23250.51,23365.69,4541070000,^IXIC
2025-12-01,23172.34,23363.85,23110.21,23275.92,7859560000,^IXIC
2025-12-02,23379.75,23526.23,23286.46,23413.67,7588580000,^IXIC
2025-12-03,23315.58,23499.93,23271.83,23454.09,7962730000,^IXIC
2025-12-04,23527.30,23528.53,23372.33,23505.14,7456860000,^IXIC
2025-12-05,23567.77,23680.03,23506.00,23578.13,8248280000,^IXIC
2025-12-08,23638.22,23698.93,23455.05,23545.90,8533670000,^IXIC
2025-12-09,23504.61,23616.46,23449.73,23576.49,7192600000,^IXIC
2025-12-10,23536.00,23704.08,23435.17,23654.15,7987900000,^IXIC
2025-12-11,23509.22,23606.70,23308.95,23593.86,8337770000,^IXIC
2025-12-12,23488.87,23554.89,23094.51,23195.17,8724070000,^IXIC
2025-12-15,23330.04,23345.56,23012.00,23057.41,8649240000,^IXIC
2025-12-16,22981.82,23162.60,22920.66,23111.46,7759960000,^IXIC
2025-12-17,23135.61,23159.20,22692.00,22693.32,8616140000,^IXIC
2025-12-18,23012.06,23149.61,22906.23,23006.36,7977920000,^IXIC
2025-12-19,23121.90,23307.91,23106.19,23307.62,12874560000,^IXIC
2025-12-22,23450.53,23476.50,23362.93,23428.83,7244910000,^IXIC
2025-12-23,23407.70,23563.46,23377.49,23561.84,7518190000,^IXIC
2025-12-24,23555.95,23621.72,23527.97,23613.31,3885190000,^IXIC
2025-12-26,23645.91,23665.15,23567.86,23593.10,5170300000,^IXIC
2025-12-29,23414.68,23531.02,23397.52,23474.35,6527530000,^IXIC
2025-12-30,23465.67,23521.05,23414.83,23419.08,6769300000,^IXIC
2025-12-31,23420.85,23445.26,23237.78,23241.99,5895130000,^IXIC
2026-01-02,23481.49,23585.96,23119.49,23235.63,7331460000,^IXIC
2026-01-05,23449.67,23476.51,23332.23,23395.82,8737320000,^IXIC
2026-01-06,23446.96,23559.15,23389.57,23547.17,9012640000,^IXIC
2026-01-07,23544.89,23723.37,23504.21,23584.28,8396920000,^IXIC
2026-01-08,23548.88,23558.17,23353.46,23480.02,7723140000,^IXIC
2026-01-09,23496.21,23721.15,23426.48,23671.35,8124420000,^IXIC
2026-01-12,23576.88,23804.04,23562.97,23733.90,8707170000,^IXIC
2026-01-13,23735.12,23813.30,23607.59,23709.87,9416400000,^IXIC
2026-01-14,23563.92,23590.20,23306.66,23471.75,12165220000,^IXIC
2026-01-15,23693.97,23721.11,23502.18,23530.02,9740630000,^IXIC
2026-01-16,23639.69,23664.26,23446.81,23515.39,9514500000,^IXIC
2026-01-20,23142.69,23236.05,22916.83,22954.32,9469480000,^IXIC
2026-01-21,23017.68,23383.24,22927.88,23224.82,9162740000,^IXIC
2026-01-22,23440.71,23503.16,23335.15,23436.02,9034850000,^IXIC
2026-01-23,23440.92,23610.74,23374.26,23501.24,8228760000,^IXIC
2026-01-26,23529.28,23688.94,23486.08,23601.36,7505250000,^IXIC
2026-01-27,23734.75,23865.26,23694.38,23817.10,8026050000,^IXIC
2026-01-28,23965.11,23988.27,23775.49,23857.45,8151580000,^IXIC
2026-01-29,23830.92,23840.55,23232.78,23685.12,8782210000,^IXIC
2026-01-30,23578.96,23662.25,23351.55,23461.82,9255930000,^IXIC
